arm-none-eabi-cpp -I tools/agbcc/include -iquote include -nostdinc -undef src/audio/audio_context.c | tools/agbcc/bin/agbcc -mthumb-interwork -Wimplicit -Wparentheses -O2 -fhex-asm  -fprologue-bugfix -o build/crashbandicootxs/src/audio/audio_context.s
src/audio/audio_context.c: In function `sub_8001C64':
src/audio/audio_context.c:362: warning: initialization makes pointer from integer without a cast
arm-none-eabi-as -mcpu=arm7tdmi -mthumb-interwork -I asminclude --defsym NON_MATCHING=0 -o build/crashbandicootxs/src/audio/audio_context.o build/crashbandicootxs/src/audio/audio_context.s
arm-none-eabi-cpp -I tools/agbcc/include -iquote include -nostdinc -undef src/audio/counter_selector.c | tools/agbcc/bin/agbcc -mthumb-interwork -Wimplicit -Wparentheses -O2 -fhex-asm  -fprologue-bugfix -o build/crashbandicootxs/src/audio/counter_selector.s
arm-none-eabi-as -mcpu=arm7tdmi -mthumb-interwork -I asminclude --defsym NON_MATCHING=0 -o build/crashbandicootxs/src/audio/counter_selector.o build/crashbandicootxs/src/audio/counter_selector.s
arm-none-eabi-cpp -I tools/agbcc/include -iquote include -nostdinc -undef src/audio/counter_selector_icons.c | tools/agbcc/bin/agbcc -mthumb-interwork -Wimplicit -Wparentheses -O2 -fhex-asm  -fprologue-bugfix -o build/crashbandicootxs/src/audio/counter_selector_icons.s
arm-none-eabi-as -mcpu=arm7tdmi -mthumb-interwork -I asminclude --defsym NON_MATCHING=0 -o build/crashbandicootxs/src/audio/counter_selector_icons.o build/crashbandicootxs/src/audio/counter_selector_icons.s
arm-none-eabi-cpp -I tools/agbcc/include -iquote include -nostdinc -undef src/audio/counter_selector_setup.c | tools/agbcc/bin/agbcc -mthumb-interwork -Wimplicit -Wparentheses -O2 -fhex-asm  -fprologue-bugfix -o build/crashbandicootxs/src/audio/counter_selector_setup.s
arm-none-eabi-as -mcpu=arm7tdmi -mthumb-interwork -I asminclude --defsym NON_MATCHING=0 -o build/crashbandicootxs/src/audio/counter_selector_setup.o build/crashbandicootxs/src/audio/counter_selector_setup.s
arm-none-eabi-cpp -I tools/agbcc/include -iquote include -nostdinc -undef src/audio/gax_channel_bind_instrument.c | tools/agbcc/bin/agbcc -mthumb-interwork -Wimplicit -Wparentheses -O2 -fhex-asm  -fprologue-bugfix -o build/crashbandicootxs/src/audio/gax_channel_bind_instrument.s
arm-none-eabi-as -mcpu=arm7tdmi -mthumb-interwork -I asminclude --defsym NON_MATCHING=0 -o build/crashbandicootxs/src/audio/gax_channel_bind_instrument.o build/crashbandicootxs/src/audio/gax_channel_bind_instrument.s
arm-none-eabi-cpp -I tools/agbcc/include -iquote include -nostdinc -undef src/audio/gax_channel_effect_table.c | tools/agbcc/bin/agbcc -mthumb-interwork -Wimplicit -Wparentheses -O2 -fhex-asm  -fprologue-bugfix -o build/crashbandicootxs/src/audio/gax_channel_effect_table.s
arm-none-eabi-as -mcpu=arm7tdmi -mthumb-interwork -I asminclude --defsym NON_MATCHING=0 -o build/crashbandicootxs/src/audio/gax_channel_effect_table.o build/crashbandicootxs/src/audio/gax_channel_effect_table.s
arm-none-eabi-cpp -I tools/agbcc/include -iquote include -nostdinc -undef src/audio/gax_channel_envelope_tick.c | tools/agbcc/bin/agbcc -mthumb-interwork -Wimplicit -Wparentheses -O2 -fhex-asm  -fprologue-bugfix -o build/crashbandicootxs/src/audio/gax_channel_envelope_tick.s
arm-none-eabi-as -mcpu=arm7tdmi -mthumb-interwork -I asminclude --defsym NON_MATCHING=0 -o build/crashbandicootxs/src/audio/gax_channel_envelope_tick.o build/crashbandicootxs/src/audio/gax_channel_envelope_tick.s
arm-none-eabi-cpp -I tools/agbcc/include -iquote include -nostdinc -undef src/audio/gax_channel_init.c | tools/agbcc/bin/agbcc -mthumb-interwork -Wimplicit -Wparentheses -O2 -fhex-asm  -fprologue-bugfix -o build/crashbandicootxs/src/audio/gax_channel_init.s
arm-none-eabi-as -mcpu=arm7tdmi -mthumb-interwork -I asminclude --defsym NON_MATCHING=0 -o build/crashbandicootxs/src/audio/gax_channel_init.o build/crashbandicootxs/src/audio/gax_channel_init.s
arm-none-eabi-cpp -I tools/agbcc/include -iquote include -nostdinc -undef src/audio/gax_channel_mute_volume.c | tools/agbcc/bin/agbcc -mthumb-interwork -Wimplicit -Wparentheses -O2 -fhex-asm  -fprologue-bugfix -o build/crashbandicootxs/src/audio/gax_channel_mute_volume.s
arm-none-eabi-as -mcpu=arm7tdmi -mthumb-interwork -I asminclude --defsym NON_MATCHING=0 -o build/crashbandicootxs/src/audio/gax_channel_mute_volume.o build/crashbandicootxs/src/audio/gax_channel_mute_volume.s
arm-none-eabi-cpp -I tools/agbcc/include -iquote include -nostdinc -undef src/audio/gax_channel_note_cut.c | tools/agbcc/bin/agbcc -mthumb-interwork -Wimplicit -Wparentheses -O2 -fhex-asm  -fprologue-bugfix -o build/crashbandicootxs/src/audio/gax_channel_note_cut.s
arm-none-eabi-as -mcpu=arm7tdmi -mthumb-interwork -I asminclude --defsym NON_MATCHING=0 -o build/crashbandicootxs/src/audio/gax_channel_note_cut.o build/crashbandicootxs/src/audio/gax_channel_note_cut.s
arm-none-eabi-cpp -I tools/agbcc/include -iquote include -nostdinc -undef src/audio/gax_channel_note_cut_driver.c | tools/agbcc/bin/agbcc -mthumb-interwork -Wimplicit -Wparentheses -O2 -fhex-asm  -fprologue-bugfix -o build/crashbandicootxs/src/audio/gax_channel_note_cut_driver.s
arm-none-eabi-as -mcpu=arm7tdmi -mthumb-interwork -I asminclude --defsym NON_MATCHING=0 -o build/crashbandicootxs/src/audio/gax_channel_note_cut_driver.o build/crashbandicootxs/src/audio/gax_channel_note_cut_driver.s
arm-none-eabi-cpp -I tools/agbcc/include -iquote include -nostdinc -undef src/audio/gax_channel_note_scheduler.c | tools/agbcc/bin/agbcc -mthumb-interwork -Wimplicit -Wparentheses -O2 -fhex-asm  -fprologue-bugfix -o build/crashbandicootxs/src/audio/gax_channel_note_scheduler.s
arm-none-eabi-as -mcpu=arm7tdmi -mthumb-interwork -I asminclude --defsym NON_MATCHING=0 -o build/crashbandicootxs/src/audio/gax_channel_note_scheduler.o build/crashbandicootxs/src/audio/gax_channel_note_scheduler.s
arm-none-eabi-cpp -I tools/agbcc/include -iquote include -nostdinc -undef src/audio/gax_channel_pool_alloc.c | tools/agbcc/bin/agbcc -mthumb-interwork -Wimplicit -Wparentheses -O2 -fhex-asm  -fprologue-bugfix -o build/crashbandicootxs/src/audio/gax_channel_pool_alloc.s
arm-none-eabi-as -mcpu=arm7tdmi -mthumb-interwork -I asminclude --defsym NON_MATCHING=0 -o build/crashbandicootxs/src/audio/gax_channel_pool_alloc.o build/crashbandicootxs/src/audio/gax_channel_pool_alloc.s
arm-none-eabi-cpp -I tools/agbcc/include -iquote include -nostdinc -undef src/audio/gax_channel_pos_sweep.c | tools/agbcc/bin/agbcc -mthumb-interwork -Wimplicit -Wparentheses -O2 -fhex-asm  -fprologue-bugfix -o build/crashbandicootxs/src/audio/gax_channel_pos_sweep.s
arm-none-eabi-as -mcpu=arm7tdmi -mthumb-interwork -I asminclude --defsym NON_MATCHING=0 -o build/crashbandicootxs/src/audio/gax_channel_pos_sweep.o build/crashbandicootxs/src/audio/gax_channel_pos_sweep.s
arm-none-eabi-cpp -I tools/agbcc/include -iquote include -nostdinc -undef src/audio/gax_channel_table_alloc.c | tools/agbcc/bin/agbcc -mthumb-interwork -Wimplicit -Wparentheses -O2 -fhex-asm  -fprologue-bugfix -o build/crashbandicootxs/src/audio/gax_channel_table_alloc.s
arm-none-eabi-as -mcpu=arm7tdmi -mthumb-interwork -I asminclude --defsym NON_MATCHING=0 -o build/crashbandicootxs/src/audio/gax_channel_table_alloc.o build/crashbandicootxs/src/audio/gax_channel_table_alloc.s
arm-none-eabi-cpp -I tools/agbcc/include -iquote include -nostdinc -undef src/audio/gax_dma_control.c | tools/agbcc/bin/agbcc -mthumb-interwork -Wimplicit -Wparentheses -O2 -fhex-asm  -fprologue-bugfix -o build/crashbandicootxs/src/audio/gax_dma_control.s
arm-none-eabi-as -mcpu=arm7tdmi -mthumb-interwork -I asminclude --defsym NON_MATCHING=0 -o build/crashbandicootxs/src/audio/gax_dma_control.o build/crashbandicootxs/src/audio/gax_dma_control.s
arm-none-eabi-cpp -I tools/agbcc/include -iquote include -nostdinc -undef src/audio/gax_dma_stop.c | tools/agbcc/bin/agbcc -mthumb-interwork -Wimplicit -Wparentheses -O2 -fhex-asm  -fprologue-bugfix -o build/crashbandicootxs/src/audio/gax_dma_stop.s
arm-none-eabi-as -mcpu=arm7tdmi -mthumb-interwork -I asminclude --defsym NON_MATCHING=0 -o build/crashbandicootxs/src/audio/gax_dma_stop.o build/crashbandicootxs/src/audio/gax_dma_stop.s
arm-none-eabi-cpp -I tools/agbcc/include -iquote include -nostdinc -undef src/audio/gax_fatal_error.c | tools/agbcc/bin/agbcc -mthumb-interwork -Wimplicit -Wparentheses -O2 -fhex-asm  -fprologue-bugfix -o build/crashbandicootxs/src/audio/gax_fatal_error.s
arm-none-eabi-as -mcpu=arm7tdmi -mthumb-interwork -I asminclude --defsym NON_MATCHING=0 -o build/crashbandicootxs/src/audio/gax_fatal_error.o build/crashbandicootxs/src/audio/gax_fatal_error.s
arm-none-eabi-cpp -I tools/agbcc/include -iquote include -nostdinc -undef src/audio/gax_hw_reset.c | tools/agbcc/bin/agbcc -mthumb-interwork -Wimplicit -Wparentheses -O2 -fhex-asm  -fprologue-bugfix -o build/crashbandicootxs/src/audio/gax_hw_reset.s
arm-none-eabi-as -mcpu=arm7tdmi -mthumb-interwork -I asminclude --defsym NON_MATCHING=0 -o build/crashbandicootxs/src/audio/gax_hw_reset.o build/crashbandicootxs/src/audio/gax_hw_reset.s
arm-none-eabi-cpp -I tools/agbcc/include -iquote include -nostdinc -undef src/audio/gax_note_lookup.c | tools/agbcc/bin/agbcc -mthumb-interwork -Wimplicit -Wparentheses -O2 -fhex-asm  -fprologue-bugfix -o build/crashbandicootxs/src/audio/gax_note_lookup.s
arm-none-eabi-as -mcpu=arm7tdmi -mthumb-interwork -I asminclude --defsym NON_MATCHING=0 -o build/crashbandicootxs/src/audio/gax_note_lookup.o build/crashbandicootxs/src/audio/gax_note_lookup.s
arm-none-eabi-cpp -I tools/agbcc/include -iquote include -nostdinc -undef src/audio/gax_note_param.c | tools/agbcc/bin/agbcc -mthumb-interwork -Wimplicit -Wparentheses -O2 -fhex-asm  -fprologue-bugfix -o build/crashbandicootxs/src/audio/gax_note_param.s
arm-none-eabi-as -mcpu=arm7tdmi -mthumb-interwork -I asminclude --defsym NON_MATCHING=0 -o build/crashbandicootxs/src/audio/gax_note_param.o build/crashbandicootxs/src/audio/gax_note_param.s
arm-none-eabi-cpp -I tools/agbcc/include -iquote include -nostdinc -undef src/audio/gax_note_trigger.c | tools/agbcc/bin/agbcc -mthumb-interwork -Wimplicit -Wparentheses -O2 -fhex-asm  -fprologue-bugfix -o build/crashbandicootxs/src/audio/gax_note_trigger.s
arm-none-eabi-as -mcpu=arm7tdmi -mthumb-interwork -I asminclude --defsym NON_MATCHING=0 -o build/crashbandicootxs/src/audio/gax_note_trigger.o build/crashbandicootxs/src/audio/gax_note_trigger.s
arm-none-eabi-cpp -I tools/agbcc/include -iquote include -nostdinc -undef src/audio/gax_playback_ticker.c | tools/agbcc/bin/agbcc -mthumb-interwork -Wimplicit -Wparentheses -O2 -fhex-asm  -fprologue-bugfix -o build/crashbandicootxs/src/audio/gax_playback_ticker.s
arm-none-eabi-as -mcpu=arm7tdmi -mthumb-interwork -I asminclude --defsym NON_MATCHING=0 -o build/crashbandicootxs/src/audio/gax_playback_ticker.o build/crashbandicootxs/src/audio/gax_playback_ticker.s
arm-none-eabi-cpp -I tools/agbcc/include -iquote include -nostdinc -undef src/audio/gax_playstart.c | tools/agbcc/bin/agbcc -mthumb-interwork -Wimplicit -Wparentheses -O2 -fhex-asm  -fprologue-bugfix -o build/crashbandicootxs/src/audio/gax_playstart.s
arm-none-eabi-as -mcpu=arm7tdmi -mthumb-interwork -I asminclude --defsym NON_MATCHING=0 -o build/crashbandicootxs/src/audio/gax_playstart.o build/crashbandicootxs/src/audio/gax_playstart.s
arm-none-eabi-cpp -I tools/agbcc/include -iquote include -nostdinc -undef src/audio/gax_sound_handler_channel.c | tools/agbcc/bin/agbcc -mthumb-interwork -Wimplicit -Wparentheses -O2 -fhex-asm  -fprologue-bugfix -o build/crashbandicootxs/src/audio/gax_sound_handler_channel.s
arm-none-eabi-as -mcpu=arm7tdmi -mthumb-interwork -I asminclude --defsym NON_MATCHING=0 -o build/crashbandicootxs/src/audio/gax_sound_handler_channel.o build/crashbandicootxs/src/audio/gax_sound_handler_channel.s
arm-none-eabi-cpp -I tools/agbcc/include -iquote include -nostdinc -undef src/audio/gax_sound_handler_channel_init.c | tools/agbcc/bin/agbcc -mthumb-interwork -Wimplicit -Wparentheses -O2 -fhex-asm  -fprologue-bugfix -o build/crashbandicootxs/src/audio/gax_sound_handler_channel_init.s
arm-none-eabi-as -mcpu=arm7tdmi -mthumb-interwork -I asminclude --defsym NON_MATCHING=0 -o build/crashbandicootxs/src/audio/gax_sound_handler_channel_init.o build/crashbandicootxs/src/audio/gax_sound_handler_channel_init.s
arm-none-eabi-cpp -I tools/agbcc/include -iquote include -nostdinc -undef src/audio/gax_sound_handler_channel_play.c | tools/agbcc/bin/agbcc -mthumb-interwork -Wimplicit -Wparentheses -O2 -fhex-asm  -fprologue-bugfix -o build/crashbandicootxs/src/audio/gax_sound_handler_channel_play.s
arm-none-eabi-as -mcpu=arm7tdmi -mthumb-interwork -I asminclude --defsym NON_MATCHING=0 -o build/crashbandicootxs/src/audio/gax_sound_handler_channel_play.o build/crashbandicootxs/src/audio/gax_sound_handler_channel_play.s
arm-none-eabi-cpp -I tools/agbcc/include -iquote include -nostdinc -undef src/audio/gax_sound_handler_info.c | tools/agbcc/bin/agbcc -mthumb-interwork -Wimplicit -Wparentheses -O2 -fhex-asm  -fprologue-bugfix -o build/crashbandicootxs/src/audio/gax_sound_handler_info.s
arm-none-eabi-as -mcpu=arm7tdmi -mthumb-interwork -I asminclude --defsym NON_MATCHING=0 -o build/crashbandicootxs/src/audio/gax_sound_handler_info.o build/crashbandicootxs/src/audio/gax_sound_handler_info.s
arm-none-eabi-cpp -I tools/agbcc/include -iquote include -nostdinc -undef src/audio/gax_sound_handler_unknownc.c | tools/agbcc/bin/agbcc -mthumb-interwork -Wimplicit -Wparentheses -O2 -fhex-asm  -fprologue-bugfix -o build/crashbandicootxs/src/audio/gax_sound_handler_unknownc.s
arm-none-eabi-as -mcpu=arm7tdmi -mthumb-interwork -I asminclude --defsym NON_MATCHING=0 -o build/crashbandicootxs/src/audio/gax_sound_handler_unknownc.o build/crashbandicootxs/src/audio/gax_sound_handler_unknownc.s
arm-none-eabi-cpp -I tools/agbcc/include -iquote include -nostdinc -undef src/audio/gax_swi.c | tools/agbcc/bin/agbcc -mthumb-interwork -Wimplicit -Wparentheses -O2 -fhex-asm  -fprologue-bugfix -o build/crashbandicootxs/src/audio/gax_swi.s
arm-none-eabi-as -mcpu=arm7tdmi -mthumb-interwork -I asminclude --defsym NON_MATCHING=0 -o build/crashbandicootxs/src/audio/gax_swi.o build/crashbandicootxs/src/audio/gax_swi.s
arm-none-eabi-cpp -I tools/agbcc/include -iquote include -nostdinc -undef src/audio/gax_text_render.c | tools/agbcc/bin/agbcc -mthumb-interwork -Wimplicit -Wparentheses -O2 -fhex-asm  -fprologue-bugfix -o build/crashbandicootxs/src/audio/gax_text_render.s
arm-none-eabi-as -mcpu=arm7tdmi -mthumb-interwork -I asminclude --defsym NON_MATCHING=0 -o build/crashbandicootxs/src/audio/gax_text_render.o build/crashbandicootxs/src/audio/gax_text_render.s
arm-none-eabi-cpp -I tools/agbcc/include -iquote include -nostdinc -undef src/audio/gax_unknownc_play.c | tools/agbcc/bin/agbcc -mthumb-interwork -Wimplicit -Wparentheses -O2 -fhex-asm  -fprologue-bugfix -o build/crashbandicootxs/src/audio/gax_unknownc_play.s
arm-none-eabi-as -mcpu=arm7tdmi -mthumb-interwork -I asminclude --defsym NON_MATCHING=0 -o build/crashbandicootxs/src/audio/gax_unknownc_play.o build/crashbandicootxs/src/audio/gax_unknownc_play.s
arm-none-eabi-cpp -I tools/agbcc/include -iquote include -nostdinc -undef src/audio/gax_voice_steal.c | tools/agbcc/bin/agbcc -mthumb-interwork -Wimplicit -Wparentheses -O2 -fhex-asm  -fprologue-bugfix -o build/crashbandicootxs/src/audio/gax_voice_steal.s
arm-none-eabi-as -mcpu=arm7tdmi -mthumb-interwork -I asminclude --defsym NON_MATCHING=0 -o build/crashbandicootxs/src/audio/gax_voice_steal.o build/crashbandicootxs/src/audio/gax_voice_steal.s
arm-none-eabi-cpp -I tools/agbcc/include -iquote include -nostdinc -undef src/audio/gax_zero_fill.c | tools/agbcc/bin/agbcc -mthumb-interwork -Wimplicit -Wparentheses -O2 -fhex-asm  -fprologue-bugfix -o build/crashbandicootxs/src/audio/gax_zero_fill.s
arm-none-eabi-as -mcpu=arm7tdmi -mthumb-interwork -I asminclude --defsym NON_MATCHING=0 -o build/crashbandicootxs/src/audio/gax_zero_fill.o build/crashbandicootxs/src/audio/gax_zero_fill.s
arm-none-eabi-cpp -I tools/agbcc/include -iquote include -nostdinc -undef src/audio/music_irq.c | tools/agbcc/bin/agbcc -mthumb-interwork -Wimplicit -Wparentheses -O2 -fhex-asm  -fprologue-bugfix -o build/crashbandicootxs/src/audio/music_irq.s
src/audio/music_irq.c: In function `sub_8001C80':
src/audio/music_irq.c:22: warning: passing arg 2 of `sub_80005A0' from incompatible pointer type
arm-none-eabi-as -mcpu=arm7tdmi -mthumb-interwork -I asminclude --defsym NON_MATCHING=0 -o build/crashbandicootxs/src/audio/music_irq.o build/crashbandicootxs/src/audio/music_irq.s
arm-none-eabi-cpp -I tools/agbcc/include -iquote include -nostdinc -undef src/audio/music_player.c | tools/agbcc/bin/agbcc -mthumb-interwork -Wimplicit -Wparentheses -O2 -fhex-asm  -fprologue-bugfix -o build/crashbandicootxs/src/audio/music_player.s
arm-none-eabi-as -mcpu=arm7tdmi -mthumb-interwork -I asminclude --defsym NON_MATCHING=0 -o build/crashbandicootxs/src/audio/music_player.o build/crashbandicootxs/src/audio/music_player.s
arm-none-eabi-cpp -I tools/agbcc/include -iquote include -nostdinc -undef src/audio/sfx_ambient.c | tools/agbcc/bin/agbcc -mthumb-interwork -Wimplicit -Wparentheses -O2 -fhex-asm  -fprologue-bugfix -o build/crashbandicootxs/src/audio/sfx_ambient.s
arm-none-eabi-as -mcpu=arm7tdmi -mthumb-interwork -I asminclude --defsym NON_MATCHING=0 -o build/crashbandicootxs/src/audio/sfx_ambient.o build/crashbandicootxs/src/audio/sfx_ambient.s
arm-none-eabi-cpp -I tools/agbcc/include -iquote include -nostdinc -undef src/audio/song_slot_lookup.c | tools/agbcc/bin/agbcc -mthumb-interwork -Wimplicit -Wparentheses -O2 -fhex-asm  -fprologue-bugfix -o build/crashbandicootxs/src/audio/song_slot_lookup.s
arm-none-eabi-as -mcpu=arm7tdmi -mthumb-interwork -I asminclude --defsym NON_MATCHING=0 -o build/crashbandicootxs/src/audio/song_slot_lookup.o build/crashbandicootxs/src/audio/song_slot_lookup.s
arm-none-eabi-cpp -I tools/agbcc/include -iquote include -nostdinc -undef src/audio/sound_object_init.c | tools/agbcc/bin/agbcc -mthumb-interwork -Wimplicit -Wparentheses -O2 -fhex-asm  -fprologue-bugfix -o build/crashbandicootxs/src/audio/sound_object_init.s
arm-none-eabi-as -mcpu=arm7tdmi -mthumb-interwork -I asminclude --defsym NON_MATCHING=0 -o build/crashbandicootxs/src/audio/sound_object_init.o build/crashbandicootxs/src/audio/sound_object_init.s
arm-none-eabi-cpp -I tools/agbcc/include -iquote include -nostdinc -undef src/graphics/aabb_util.c | tools/agbcc/bin/agbcc -mthumb-interwork -Wimplicit -Wparentheses -O2 -fhex-asm  -fprologue-bugfix -o build/crashbandicootxs/src/graphics/aabb_util.s
arm-none-eabi-as -mcpu=arm7tdmi -mthumb-interwork -I asminclude --defsym NON_MATCHING=0 -o build/crashbandicootxs/src/graphics/aabb_util.o build/crashbandicootxs/src/graphics/aabb_util.s
arm-none-eabi-cpp -I tools/agbcc/include -iquote include -nostdinc -undef src/graphics/actor_aabb_setup.c | tools/agbcc/bin/agbcc -mthumb-interwork -Wimplicit -Wparentheses -O2 -fhex-asm  -fprologue-bugfix -o build/crashbandicootxs/src/graphics/actor_aabb_setup.s
arm-none-eabi-as -mcpu=arm7tdmi -mthumb-interwork -I asminclude --defsym NON_MATCHING=0 -o build/crashbandicootxs/src/graphics/actor_aabb_setup.o build/crashbandicootxs/src/graphics/actor_aabb_setup.s
arm-none-eabi-cpp -I tools/agbcc/include -iquote include -nostdinc -undef src/graphics/actor_anim.c | tools/agbcc/bin/agbcc -mthumb-interwork -Wimplicit -Wparentheses -O2 -fhex-asm  -fprologue-bugfix -o build/crashbandicootxs/src/graphics/actor_anim.s
arm-none-eabi-as -mcpu=arm7tdmi -mthumb-interwork -I asminclude --defsym NON_MATCHING=0 -o build/crashbandicootxs/src/graphics/actor_anim.o build/crashbandicootxs/src/graphics/actor_anim.s
arm-none-eabi-cpp -I tools/agbcc/include -iquote include -nostdinc -undef src/graphics/actor_part100.c | tools/agbcc/bin/agbcc -mthumb-interwork -Wimplicit -Wparentheses -O2 -fhex-asm  -fprologue-bugfix -o build/crashbandicootxs/src/graphics/actor_part100.s
arm-none-eabi-as -mcpu=arm7tdmi -mthumb-interwork -I asminclude --defsym NON_MATCHING=0 -o build/crashbandicootxs/src/graphics/actor_part100.o build/crashbandicootxs/src/graphics/actor_part100.s
arm-none-eabi-cpp -I tools/agbcc/include -iquote include -nostdinc -undef src/graphics/actor_part101.c | tools/agbcc/bin/agbcc -mthumb-interwork -Wimplicit -Wparentheses -O2 -fhex-asm  -fprologue-bugfix -o build/crashbandicootxs/src/graphics/actor_part101.s
arm-none-eabi-as -mcpu=arm7tdmi -mthumb-interwork -I asminclude --defsym NON_MATCHING=0 -o build/crashbandicootxs/src/graphics/actor_part101.o build/crashbandicootxs/src/graphics/actor_part101.s
arm-none-eabi-cpp -I tools/agbcc/include -iquote include -nostdinc -undef src/graphics/actor_part102.c | tools/agbcc/bin/agbcc -mthumb-interwork -Wimplicit -Wparentheses -O2 -fhex-asm  -fprologue-bugfix -o build/crashbandicootxs/src/graphics/actor_part102.s
arm-none-eabi-as -mcpu=arm7tdmi -mthumb-interwork -I asminclude --defsym NON_MATCHING=0 -o build/crashbandicootxs/src/graphics/actor_part102.o build/crashbandicootxs/src/graphics/actor_part102.s
arm-none-eabi-cpp -I tools/agbcc/include -iquote include -nostdinc -undef src/graphics/actor_part103.c | tools/agbcc/bin/agbcc -mthumb-interwork -Wimplicit -Wparentheses -O2 -fhex-asm  -fprologue-bugfix -o build/crashbandicootxs/src/graphics/actor_part103.s
arm-none-eabi-as -mcpu=arm7tdmi -mthumb-interwork -I asminclude --defsym NON_MATCHING=0 -o build/crashbandicootxs/src/graphics/actor_part103.o build/crashbandicootxs/src/graphics/actor_part103.s
arm-none-eabi-cpp -I tools/agbcc/include -iquote include -nostdinc -undef src/graphics/actor_part104.c | tools/agbcc/bin/agbcc -mthumb-interwork -Wimplicit -Wparentheses -O2 -fhex-asm  -fprologue-bugfix -o build/crashbandicootxs/src/graphics/actor_part104.s
arm-none-eabi-as -mcpu=arm7tdmi -mthumb-interwork -I asminclude --defsym NON_MATCHING=0 -o build/crashbandicootxs/src/graphics/actor_part104.o build/crashbandicootxs/src/graphics/actor_part104.s
arm-none-eabi-cpp -I tools/agbcc/include -iquote include -nostdinc -undef src/graphics/actor_part105.c | tools/agbcc/bin/agbcc -mthumb-interwork -Wimplicit -Wparentheses -O2 -fhex-asm  -fprologue-bugfix -o build/crashbandicootxs/src/graphics/actor_part105.s
arm-none-eabi-as -mcpu=arm7tdmi -mthumb-interwork -I asminclude --defsym NON_MATCHING=0 -o build/crashbandicootxs/src/graphics/actor_part105.o build/crashbandicootxs/src/graphics/actor_part105.s
arm-none-eabi-cpp -I tools/agbcc/include -iquote include -nostdinc -undef src/graphics/actor_part106.c | tools/agbcc/bin/agbcc -mthumb-interwork -Wimplicit -Wparentheses -O2 -fhex-asm  -fprologue-bugfix -o build/crashbandicootxs/src/graphics/actor_part106.s
arm-none-eabi-as -mcpu=arm7tdmi -mthumb-interwork -I asminclude --defsym NON_MATCHING=0 -o build/crashbandicootxs/src/graphics/actor_part106.o build/crashbandicootxs/src/graphics/actor_part106.s
arm-none-eabi-cpp -I tools/agbcc/include -iquote include -nostdinc -undef src/graphics/actor_part107.c | tools/agbcc/bin/agbcc -mthumb-interwork -Wimplicit -Wparentheses -O2 -fhex-asm  -fprologue-bugfix -o build/crashbandicootxs/src/graphics/actor_part107.s
arm-none-eabi-as -mcpu=arm7tdmi -mthumb-interwork -I asminclude --defsym NON_MATCHING=0 -o build/crashbandicootxs/src/graphics/actor_part107.o build/crashbandicootxs/src/graphics/actor_part107.s
arm-none-eabi-cpp -I tools/agbcc/include -iquote include -nostdinc -undef src/graphics/actor_part108.c | tools/agbcc/bin/agbcc -mthumb-interwork -Wimplicit -Wparentheses -O2 -fhex-asm  -fprologue-bugfix -o build/crashbandicootxs/src/graphics/actor_part108.s
arm-none-eabi-as -mcpu=arm7tdmi -mthumb-interwork -I asminclude --defsym NON_MATCHING=0 -o build/crashbandicootxs/src/graphics/actor_part108.o build/crashbandicootxs/src/graphics/actor_part108.s
arm-none-eabi-cpp -I tools/agbcc/include -iquote include -nostdinc -undef src/graphics/actor_part109.c | tools/agbcc/bin/agbcc -mthumb-interwork -Wimplicit -Wparentheses -O2 -fhex-asm  -fprologue-bugfix -o build/crashbandicootxs/src/graphics/actor_part109.s
arm-none-eabi-as -mcpu=arm7tdmi -mthumb-interwork -I asminclude --defsym NON_MATCHING=0 -o build/crashbandicootxs/src/graphics/actor_part109.o build/crashbandicootxs/src/graphics/actor_part109.s
arm-none-eabi-cpp -I tools/agbcc/include -iquote include -nostdinc -undef src/graphics/actor_part10.c | tools/agbcc/bin/agbcc -mthumb-interwork -Wimplicit -Wparentheses -O2 -fhex-asm  -fprologue-bugfix -o build/crashbandicootxs/src/graphics/actor_part10.s
arm-none-eabi-as -mcpu=arm7tdmi -mthumb-interwork -I asminclude --defsym NON_MATCHING=0 -o build/crashbandicootxs/src/graphics/actor_part10.o build/crashbandicootxs/src/graphics/actor_part10.s
arm-none-eabi-cpp -I tools/agbcc/include -iquote include -nostdinc -undef src/graphics/actor_part110.c | tools/agbcc/bin/agbcc -mthumb-interwork -Wimplicit -Wparentheses -O2 -fhex-asm  -fprologue-bugfix -o build/crashbandicootxs/src/graphics/actor_part110.s
arm-none-eabi-as -mcpu=arm7tdmi -mthumb-interwork -I asminclude --defsym NON_MATCHING=0 -o build/crashbandicootxs/src/graphics/actor_part110.o build/crashbandicootxs/src/graphics/actor_part110.s
arm-none-eabi-cpp -I tools/agbcc/include -iquote include -nostdinc -undef src/graphics/actor_part111.c | tools/agbcc/bin/agbcc -mthumb-interwork -Wimplicit -Wparentheses -O2 -fhex-asm  -fprologue-bugfix -o build/crashbandicootxs/src/graphics/actor_part111.s
arm-none-eabi-as -mcpu=arm7tdmi -mthumb-interwork -I asminclude --defsym NON_MATCHING=0 -o build/crashbandicootxs/src/graphics/actor_part111.o build/crashbandicootxs/src/graphics/actor_part111.s
arm-none-eabi-cpp -I tools/agbcc/include -iquote include -nostdinc -undef src/graphics/actor_part112.c | tools/agbcc/bin/agbcc -mthumb-interwork -Wimplicit -Wparentheses -O2 -fhex-asm  -fprologue-bugfix -o build/crashbandicootxs/src/graphics/actor_part112.s
arm-none-eabi-as -mcpu=arm7tdmi -mthumb-interwork -I asminclude --defsym NON_MATCHING=0 -o build/crashbandicootxs/src/graphics/actor_part112.o build/crashbandicootxs/src/graphics/actor_part112.s
arm-none-eabi-cpp -I tools/agbcc/include -iquote include -nostdinc -undef src/graphics/actor_part113.c | tools/agbcc/bin/agbcc -mthumb-interwork -Wimplicit -Wparentheses -O2 -fhex-asm  -fprologue-bugfix -o build/crashbandicootxs/src/graphics/actor_part113.s
arm-none-eabi-as -mcpu=arm7tdmi -mthumb-interwork -I asminclude --defsym NON_MATCHING=0 -o build/crashbandicootxs/src/graphics/actor_part113.o build/crashbandicootxs/src/graphics/actor_part113.s
arm-none-eabi-cpp -I tools/agbcc/include -iquote include -nostdinc -undef src/graphics/actor_part114.c | tools/agbcc/bin/agbcc -mthumb-interwork -Wimplicit -Wparentheses -O2 -fhex-asm  -fprologue-bugfix -o build/crashbandicootxs/src/graphics/actor_part114.s
arm-none-eabi-as -mcpu=arm7tdmi -mthumb-interwork -I asminclude --defsym NON_MATCHING=0 -o build/crashbandicootxs/src/graphics/actor_part114.o build/crashbandicootxs/src/graphics/actor_part114.s
arm-none-eabi-cpp -I tools/agbcc/include -iquote include -nostdinc -undef src/graphics/actor_part115.c | tools/agbcc/bin/agbcc -mthumb-interwork -Wimplicit -Wparentheses -O2 -fhex-asm  -fprologue-bugfix -o build/crashbandicootxs/src/graphics/actor_part115.s
arm-none-eabi-as -mcpu=arm7tdmi -mthumb-interwork -I asminclude --defsym NON_MATCHING=0 -o build/crashbandicootxs/src/graphics/actor_part115.o build/crashbandicootxs/src/graphics/actor_part115.s
arm-none-eabi-cpp -I tools/agbcc/include -iquote include -nostdinc -undef src/graphics/actor_part116.c | tools/agbcc/bin/agbcc -mthumb-interwork -Wimplicit -Wparentheses -O2 -fhex-asm  -fprologue-bugfix -o build/crashbandicootxs/src/graphics/actor_part116.s
arm-none-eabi-as -mcpu=arm7tdmi -mthumb-interwork -I asminclude --defsym NON_MATCHING=0 -o build/crashbandicootxs/src/graphics/actor_part116.o build/crashbandicootxs/src/graphics/actor_part116.s
arm-none-eabi-cpp -I tools/agbcc/include -iquote include -nostdinc -undef src/graphics/actor_part117.c | tools/agbcc/bin/agbcc -mthumb-interwork -Wimplicit -Wparentheses -O2 -fhex-asm  -fprologue-bugfix -o build/crashbandicootxs/src/graphics/actor_part117.s
arm-none-eabi-as -mcpu=arm7tdmi -mthumb-interwork -I asminclude --defsym NON_MATCHING=0 -o build/crashbandicootxs/src/graphics/actor_part117.o build/crashbandicootxs/src/graphics/actor_part117.s
arm-none-eabi-cpp -I tools/agbcc/include -iquote include -nostdinc -undef src/graphics/actor_part118.c | tools/agbcc/bin/old_agbcc -mthumb-interwork -Wimplicit -Wparentheses -O2 -fhex-asm -o build/crashbandicootxs/src/graphics/actor_part118.s
arm-none-eabi-as -mcpu=arm7tdmi -mthumb-interwork -I asminclude --defsym NON_MATCHING=0 -o build/crashbandicootxs/src/graphics/actor_part118.o build/crashbandicootxs/src/graphics/actor_part118.s
arm-none-eabi-cpp -I tools/agbcc/include -iquote include -nostdinc -undef src/graphics/actor_part119.c | tools/agbcc/bin/agbcc -mthumb-interwork -Wimplicit -Wparentheses -O2 -fhex-asm  -fprologue-bugfix -o build/crashbandicootxs/src/graphics/actor_part119.s
arm-none-eabi-as -mcpu=arm7tdmi -mthumb-interwork -I asminclude --defsym NON_MATCHING=0 -o build/crashbandicootxs/src/graphics/actor_part119.o build/crashbandicootxs/src/graphics/actor_part119.s
arm-none-eabi-cpp -I tools/agbcc/include -iquote include -nostdinc -undef src/graphics/actor_part11b.c | tools/agbcc/bin/agbcc -mthumb-interwork -Wimplicit -Wparentheses -O2 -fhex-asm  -fprologue-bugfix -o build/crashbandicootxs/src/graphics/actor_part11b.s
arm-none-eabi-as -mcpu=arm7tdmi -mthumb-interwork -I asminclude --defsym NON_MATCHING=0 -o build/crashbandicootxs/src/graphics/actor_part11b.o build/crashbandicootxs/src/graphics/actor_part11b.s
arm-none-eabi-cpp -I tools/agbcc/include -iquote include -nostdinc -undef src/graphics/actor_part11.c | tools/agbcc/bin/agbcc -mthumb-interwork -Wimplicit -Wparentheses -O2 -fhex-asm  -fprologue-bugfix -o build/crashbandicootxs/src/graphics/actor_part11.s
arm-none-eabi-as -mcpu=arm7tdmi -mthumb-interwork -I asminclude --defsym NON_MATCHING=0 -o build/crashbandicootxs/src/graphics/actor_part11.o build/crashbandicootxs/src/graphics/actor_part11.s
arm-none-eabi-cpp -I tools/agbcc/include -iquote include -nostdinc -undef src/graphics/actor_part11c.c | tools/agbcc/bin/agbcc -mthumb-interwork -Wimplicit -Wparentheses -O2 -fhex-asm  -fprologue-bugfix -o build/crashbandicootxs/src/graphics/actor_part11c.s
arm-none-eabi-as -mcpu=arm7tdmi -mthumb-interwork -I asminclude --defsym NON_MATCHING=0 -o build/crashbandicootxs/src/graphics/actor_part11c.o build/crashbandicootxs/src/graphics/actor_part11c.s
arm-none-eabi-cpp -I tools/agbcc/include -iquote include -nostdinc -undef src/graphics/actor_part11d.c | tools/agbcc/bin/old_agbcc -mthumb-interwork -Wimplicit -Wparentheses -O2 -fhex-asm -o build/crashbandicootxs/src/graphics/actor_part11d.s
arm-none-eabi-as -mcpu=arm7tdmi -mthumb-interwork -I asminclude --defsym NON_MATCHING=0 -o build/crashbandicootxs/src/graphics/actor_part11d.o build/crashbandicootxs/src/graphics/actor_part11d.s
arm-none-eabi-cpp -I tools/agbcc/include -iquote include -nostdinc -undef src/graphics/actor_part11e.c | tools/agbcc/bin/old_agbcc -mthumb-interwork -Wimplicit -Wparentheses -O2 -fhex-asm -o build/crashbandicootxs/src/graphics/actor_part11e.s
arm-none-eabi-as -mcpu=arm7tdmi -mthumb-interwork -I asminclude --defsym NON_MATCHING=0 -o build/crashbandicootxs/src/graphics/actor_part11e.o build/crashbandicootxs/src/graphics/actor_part11e.s
arm-none-eabi-cpp -I tools/agbcc/include -iquote include -nostdinc -undef src/graphics/actor_part11f.c | tools/agbcc/bin/old_agbcc -mthumb-interwork -Wimplicit -Wparentheses -O2 -fhex-asm -o build/crashbandicootxs/src/graphics/actor_part11f.s
arm-none-eabi-as -mcpu=arm7tdmi -mthumb-interwork -I asminclude --defsym NON_MATCHING=0 -o build/crashbandicootxs/src/graphics/actor_part11f.o build/crashbandicootxs/src/graphics/actor_part11f.s
arm-none-eabi-cpp -I tools/agbcc/include -iquote include -nostdinc -undef src/graphics/actor_part11g.c | tools/agbcc/bin/agbcc -mthumb-interwork -Wimplicit -Wparentheses -O2 -fhex-asm  -fprologue-bugfix -o build/crashbandicootxs/src/graphics/actor_part11g.s
arm-none-eabi-as -mcpu=arm7tdmi -mthumb-interwork -I asminclude --defsym NON_MATCHING=0 -o build/crashbandicootxs/src/graphics/actor_part11g.o build/crashbandicootxs/src/graphics/actor_part11g.s
arm-none-eabi-cpp -I tools/agbcc/include -iquote include -nostdinc -undef src/graphics/actor_part11h.c | tools/agbcc/bin/agbcc -mthumb-interwork -Wimplicit -Wparentheses -O2 -fhex-asm  -fprologue-bugfix -o build/crashbandicootxs/src/graphics/actor_part11h.s
arm-none-eabi-as -mcpu=arm7tdmi -mthumb-interwork -I asminclude --defsym NON_MATCHING=0 -o build/crashbandicootxs/src/graphics/actor_part11h.o build/crashbandicootxs/src/graphics/actor_part11h.s
arm-none-eabi-cpp -I tools/agbcc/include -iquote include -nostdinc -undef src/graphics/actor_part11i.c | tools/agbcc/bin/agbcc -mthumb-interwork -Wimplicit -Wparentheses -O2 -fhex-asm  -fprologue-bugfix -o build/crashbandicootxs/src/graphics/actor_part11i.s
arm-none-eabi-as -mcpu=arm7tdmi -mthumb-interwork -I asminclude --defsym NON_MATCHING=0 -o build/crashbandicootxs/src/graphics/actor_part11i.o build/crashbandicootxs/src/graphics/actor_part11i.s
arm-none-eabi-cpp -I tools/agbcc/include -iquote include -nostdinc -undef src/graphics/actor_part120.c | tools/agbcc/bin/old_agbcc -mthumb-interwork -Wimplicit -Wparentheses -O2 -fhex-asm -o build/crashbandicootxs/src/graphics/actor_part120.s
arm-none-eabi-as -mcpu=arm7tdmi -mthumb-interwork -I asminclude --defsym NON_MATCHING=0 -o build/crashbandicootxs/src/graphics/actor_part120.o build/crashbandicootxs/src/graphics/actor_part120.s
arm-none-eabi-cpp -I tools/agbcc/include -iquote include -nostdinc -undef src/graphics/actor_part121.c | tools/agbcc/bin/agbcc -mthumb-interwork -Wimplicit -Wparentheses -O2 -fhex-asm  -fprologue-bugfix -o build/crashbandicootxs/src/graphics/actor_part121.s
arm-none-eabi-as -mcpu=arm7tdmi -mthumb-interwork -I asminclude --defsym NON_MATCHING=0 -o build/crashbandicootxs/src/graphics/actor_part121.o build/crashbandicootxs/src/graphics/actor_part121.s
arm-none-eabi-cpp -I tools/agbcc/include -iquote include -nostdinc -undef src/graphics/actor_part122.c | tools/agbcc/bin/old_agbcc -mthumb-interwork -Wimplicit -Wparentheses -O2 -fhex-asm -o build/crashbandicootxs/src/graphics/actor_part122.s
arm-none-eabi-as -mcpu=arm7tdmi -mthumb-interwork -I asminclude --defsym NON_MATCHING=0 -o build/crashbandicootxs/src/graphics/actor_part122.o build/crashbandicootxs/src/graphics/actor_part122.s
arm-none-eabi-cpp -I tools/agbcc/include -iquote include -nostdinc -undef src/graphics/actor_part123.c | tools/agbcc/bin/agbcc -mthumb-interwork -Wimplicit -Wparentheses -O2 -fhex-asm  -fprologue-bugfix -o build/crashbandicootxs/src/graphics/actor_part123.s
arm-none-eabi-as -mcpu=arm7tdmi -mthumb-interwork -I asminclude --defsym NON_MATCHING=0 -o build/crashbandicootxs/src/graphics/actor_part123.o build/crashbandicootxs/src/graphics/actor_part123.s
arm-none-eabi-cpp -I tools/agbcc/include -iquote include -nostdinc -undef src/graphics/actor_part124.c | tools/agbcc/bin/agbcc -mthumb-interwork -Wimplicit -Wparentheses -O2 -fhex-asm  -fprologue-bugfix -o build/crashbandicootxs/src/graphics/actor_part124.s
arm-none-eabi-as -mcpu=arm7tdmi -mthumb-interwork -I asminclude --defsym NON_MATCHING=0 -o build/crashbandicootxs/src/graphics/actor_part124.o build/crashbandicootxs/src/graphics/actor_part124.s
arm-none-eabi-cpp -I tools/agbcc/include -iquote include -nostdinc -undef src/graphics/actor_part125.c | tools/agbcc/bin/agbcc -mthumb-interwork -Wimplicit -Wparentheses -O2 -fhex-asm  -fprologue-bugfix -o build/crashbandicootxs/src/graphics/actor_part125.s
arm-none-eabi-as -mcpu=arm7tdmi -mthumb-interwork -I asminclude --defsym NON_MATCHING=0 -o build/crashbandicootxs/src/graphics/actor_part125.o build/crashbandicootxs/src/graphics/actor_part125.s
arm-none-eabi-cpp -I tools/agbcc/include -iquote include -nostdinc -undef src/graphics/actor_part126.c | tools/agbcc/bin/agbcc -mthumb-interwork -Wimplicit -Wparentheses -O2 -fhex-asm  -fprologue-bugfix -o build/crashbandicootxs/src/graphics/actor_part126.s
arm-none-eabi-as -mcpu=arm7tdmi -mthumb-interwork -I asminclude --defsym NON_MATCHING=0 -o build/crashbandicootxs/src/graphics/actor_part126.o build/crashbandicootxs/src/graphics/actor_part126.s
arm-none-eabi-cpp -I tools/agbcc/include -iquote include -nostdinc -undef src/graphics/actor_part127.c | tools/agbcc/bin/old_agbcc -mthumb-interwork -Wimplicit -Wparentheses -O2 -fhex-asm -o build/crashbandicootxs/src/graphics/actor_part127.s
arm-none-eabi-as -mcpu=arm7tdmi -mthumb-interwork -I asminclude --defsym NON_MATCHING=0 -o build/crashbandicootxs/src/graphics/actor_part127.o build/crashbandicootxs/src/graphics/actor_part127.s
arm-none-eabi-cpp -I tools/agbcc/include -iquote include -nostdinc -undef src/graphics/actor_part128.c | tools/agbcc/bin/old_agbcc -mthumb-interwork -Wimplicit -Wparentheses -O2 -fhex-asm -o build/crashbandicootxs/src/graphics/actor_part128.s
arm-none-eabi-as -mcpu=arm7tdmi -mthumb-interwork -I asminclude --defsym NON_MATCHING=0 -o build/crashbandicootxs/src/graphics/actor_part128.o build/crashbandicootxs/src/graphics/actor_part128.s
arm-none-eabi-cpp -I tools/agbcc/include -iquote include -nostdinc -undef src/graphics/actor_part129.c | tools/agbcc/bin/agbcc -mthumb-interwork -Wimplicit -Wparentheses -O2 -fhex-asm  -fprologue-bugfix -o build/crashbandicootxs/src/graphics/actor_part129.s
arm-none-eabi-as -mcpu=arm7tdmi -mthumb-interwork -I asminclude --defsym NON_MATCHING=0 -o build/crashbandicootxs/src/graphics/actor_part129.o build/crashbandicootxs/src/graphics/actor_part129.s
arm-none-eabi-cpp -I tools/agbcc/include -iquote include -nostdinc -undef src/graphics/actor_part12b.c | tools/agbcc/bin/agbcc -mthumb-interwork -Wimplicit -Wparentheses -O2 -fhex-asm  -fprologue-bugfix -o build/crashbandicootxs/src/graphics/actor_part12b.s
arm-none-eabi-as -mcpu=arm7tdmi -mthumb-interwork -I asminclude --defsym NON_MATCHING=0 -o build/crashbandicootxs/src/graphics/actor_part12b.o build/crashbandicootxs/src/graphics/actor_part12b.s
arm-none-eabi-cpp -I tools/agbcc/include -iquote include -nostdinc -undef src/graphics/actor_part12.c | tools/agbcc/bin/old_agbcc -mthumb-interwork -Wimplicit -Wparentheses -O2 -fhex-asm -o build/crashbandicootxs/src/graphics/actor_part12.s
arm-none-eabi-as -mcpu=arm7tdmi -mthumb-interwork -I asminclude --defsym NON_MATCHING=0 -o build/crashbandicootxs/src/graphics/actor_part12.o build/crashbandicootxs/src/graphics/actor_part12.s
arm-none-eabi-cpp -I tools/agbcc/include -iquote include -nostdinc -undef src/graphics/actor_part_12fbc.c | tools/agbcc/bin/old_agbcc -mthumb-interwork -Wimplicit -Wparentheses -O2 -fhex-asm -o build/crashbandicootxs/src/graphics/actor_part_12fbc.s
arm-none-eabi-as -mcpu=arm7tdmi -mthumb-interwork -I asminclude --defsym NON_MATCHING=0 -o build/crashbandicootxs/src/graphics/actor_part_12fbc.o build/crashbandicootxs/src/graphics/actor_part_12fbc.s
arm-none-eabi-cpp -I tools/agbcc/include -iquote include -nostdinc -undef src/graphics/actor_part130.c | tools/agbcc/bin/agbcc -mthumb-interwork -Wimplicit -Wparentheses -O2 -fhex-asm  -fprologue-bugfix -o build/crashbandicootxs/src/graphics/actor_part130.s
arm-none-eabi-as -mcpu=arm7tdmi -mthumb-interwork -I asminclude --defsym NON_MATCHING=0 -o build/crashbandicootxs/src/graphics/actor_part130.o build/crashbandicootxs/src/graphics/actor_part130.s
arm-none-eabi-cpp -I tools/agbcc/include -iquote include -nostdinc -undef src/graphics/actor_part131.c | tools/agbcc/bin/agbcc -mthumb-interwork -Wimplicit -Wparentheses -O2 -fhex-asm  -fprologue-bugfix -o build/crashbandicootxs/src/graphics/actor_part131.s
arm-none-eabi-as -mcpu=arm7tdmi -mthumb-interwork -I asminclude --defsym NON_MATCHING=0 -o build/crashbandicootxs/src/graphics/actor_part131.o build/crashbandicootxs/src/graphics/actor_part131.s
arm-none-eabi-cpp -I tools/agbcc/include -iquote include -nostdinc -undef src/graphics/actor_part_134b8.c | tools/agbcc/bin/old_agbcc -mthumb-interwork -Wimplicit -Wparentheses -O2 -fhex-asm -o build/crashbandicootxs/src/graphics/actor_part_134b8.s
arm-none-eabi-as -mcpu=arm7tdmi -mthumb-interwork -I asminclude --defsym NON_MATCHING=0 -o build/crashbandicootxs/src/graphics/actor_part_134b8.o build/crashbandicootxs/src/graphics/actor_part_134b8.s
arm-none-eabi-cpp -I tools/agbcc/include -iquote include -nostdinc -undef src/graphics/actor_part_138e8.c | tools/agbcc/bin/old_agbcc -mthumb-interwork -Wimplicit -Wparentheses -O2 -fhex-asm -o build/crashbandicootxs/src/graphics/actor_part_138e8.s
arm-none-eabi-as -mcpu=arm7tdmi -mthumb-interwork -I asminclude --defsym NON_MATCHING=0 -o build/crashbandicootxs/src/graphics/actor_part_138e8.o build/crashbandicootxs/src/graphics/actor_part_138e8.s
arm-none-eabi-cpp -I tools/agbcc/include -iquote include -nostdinc -undef src/graphics/actor_part13.c | tools/agbcc/bin/agbcc -mthumb-interwork -Wimplicit -Wparentheses -O2 -fhex-asm  -fprologue-bugfix -o build/crashbandicootxs/src/graphics/actor_part13.s
arm-none-eabi-as -mcpu=arm7tdmi -mthumb-interwork -I asminclude --defsym NON_MATCHING=0 -o build/crashbandicootxs/src/graphics/actor_part13.o build/crashbandicootxs/src/graphics/actor_part13.s
arm-none-eabi-cpp -I tools/agbcc/include -iquote include -nostdinc -undef src/graphics/actor_part_13c60.c | tools/agbcc/bin/old_agbcc -mthumb-interwork -Wimplicit -Wparentheses -O2 -fhex-asm -o build/crashbandicootxs/src/graphics/actor_part_13c60.s
arm-none-eabi-as -mcpu=arm7tdmi -mthumb-interwork -I asminclude --defsym NON_MATCHING=0 -o build/crashbandicootxs/src/graphics/actor_part_13c60.o build/crashbandicootxs/src/graphics/actor_part_13c60.s
arm-none-eabi-cpp -I tools/agbcc/include -iquote include -nostdinc -undef src/graphics/actor_part_14674.c | tools/agbcc/bin/old_agbcc -mthumb-interwork -Wimplicit -Wparentheses -O2 -fhex-asm -o build/crashbandicootxs/src/graphics/actor_part_14674.s
arm-none-eabi-as -mcpu=arm7tdmi -mthumb-interwork -I asminclude --defsym NON_MATCHING=0 -o build/crashbandicootxs/src/graphics/actor_part_14674.o build/crashbandicootxs/src/graphics/actor_part_14674.s
arm-none-eabi-cpp -I tools/agbcc/include -iquote include -nostdinc -undef src/graphics/actor_part14.c | tools/agbcc/bin/agbcc -mthumb-interwork -Wimplicit -Wparentheses -O2 -fhex-asm  -fprologue-bugfix -o build/crashbandicootxs/src/graphics/actor_part14.s
arm-none-eabi-as -mcpu=arm7tdmi -mthumb-interwork -I asminclude --defsym NON_MATCHING=0 -o build/crashbandicootxs/src/graphics/actor_part14.o build/crashbandicootxs/src/graphics/actor_part14.s
arm-none-eabi-cpp -I tools/agbcc/include -iquote include -nostdinc -undef src/graphics/actor_part15.c | tools/agbcc/bin/agbcc -mthumb-interwork -Wimplicit -Wparentheses -O2 -fhex-asm  -fprologue-bugfix -o build/crashbandicootxs/src/graphics/actor_part15.s
arm-none-eabi-as -mcpu=arm7tdmi -mthumb-interwork -I asminclude --defsym NON_MATCHING=0 -o build/crashbandicootxs/src/graphics/actor_part15.o build/crashbandicootxs/src/graphics/actor_part15.s
arm-none-eabi-cpp -I tools/agbcc/include -iquote include -nostdinc -undef src/graphics/actor_part_16048.c | tools/agbcc/bin/old_agbcc -mthumb-interwork -Wimplicit -Wparentheses -O2 -fhex-asm -o build/crashbandicootxs/src/graphics/actor_part_16048.s
arm-none-eabi-as -mcpu=arm7tdmi -mthumb-interwork -I asminclude --defsym NON_MATCHING=0 -o build/crashbandicootxs/src/graphics/actor_part_16048.o build/crashbandicootxs/src/graphics/actor_part_16048.s
arm-none-eabi-cpp -I tools/agbcc/include -iquote include -nostdinc -undef src/graphics/actor_part16.c | tools/agbcc/bin/agbcc -mthumb-interwork -Wimplicit -Wparentheses -O2 -fhex-asm  -fprologue-bugfix -o build/crashbandicootxs/src/graphics/actor_part16.s
arm-none-eabi-as -mcpu=arm7tdmi -mthumb-interwork -I asminclude --defsym NON_MATCHING=0 -o build/crashbandicootxs/src/graphics/actor_part16.o build/crashbandicootxs/src/graphics/actor_part16.s
arm-none-eabi-cpp -I tools/agbcc/include -iquote include -nostdinc -undef src/graphics/actor_part_17524.c | tools/agbcc/bin/old_agbcc -mthumb-interwork -Wimplicit -Wparentheses -O2 -fhex-asm -o build/crashbandicootxs/src/graphics/actor_part_17524.s
arm-none-eabi-as -mcpu=arm7tdmi -mthumb-interwork -I asminclude --defsym NON_MATCHING=0 -o build/crashbandicootxs/src/graphics/actor_part_17524.o build/crashbandicootxs/src/graphics/actor_part_17524.s
arm-none-eabi-cpp -I tools/agbcc/include -iquote include -nostdinc -undef src/graphics/actor_part17.c | tools/agbcc/bin/agbcc -mthumb-interwork -Wimplicit -Wparentheses -O2 -fhex-asm  -fprologue-bugfix -o build/crashbandicootxs/src/graphics/actor_part17.s
arm-none-eabi-as -mcpu=arm7tdmi -mthumb-interwork -I asminclude --defsym NON_MATCHING=0 -o build/crashbandicootxs/src/graphics/actor_part17.o build/crashbandicootxs/src/graphics/actor_part17.s
arm-none-eabi-cpp -I tools/agbcc/include -iquote include -nostdinc -undef src/graphics/actor_part_18008.c | tools/agbcc/bin/old_agbcc -mthumb-interwork -Wimplicit -Wparentheses -O2 -fhex-asm -o build/crashbandicootxs/src/graphics/actor_part_18008.s
arm-none-eabi-as -mcpu=arm7tdmi -mthumb-interwork -I asminclude --defsym NON_MATCHING=0 -o build/crashbandicootxs/src/graphics/actor_part_18008.o build/crashbandicootxs/src/graphics/actor_part_18008.s
arm-none-eabi-cpp -I tools/agbcc/include -iquote include -nostdinc -undef src/graphics/actor_part_188d0.c | tools/agbcc/bin/old_agbcc -mthumb-interwork -Wimplicit -Wparentheses -O2 -fhex-asm -o build/crashbandicootxs/src/graphics/actor_part_188d0.s
arm-none-eabi-as -mcpu=arm7tdmi -mthumb-interwork -I asminclude --defsym NON_MATCHING=0 -o build/crashbandicootxs/src/graphics/actor_part_188d0.o build/crashbandicootxs/src/graphics/actor_part_188d0.s
arm-none-eabi-cpp -I tools/agbcc/include -iquote include -nostdinc -undef src/graphics/actor_part18b.c | tools/agbcc/bin/agbcc -mthumb-interwork -Wimplicit -Wparentheses -O2 -fhex-asm  -fprologue-bugfix -o build/crashbandicootxs/src/graphics/actor_part18b.s
arm-none-eabi-as -mcpu=arm7tdmi -mthumb-interwork -I asminclude --defsym NON_MATCHING=0 -o build/crashbandicootxs/src/graphics/actor_part18b.o build/crashbandicootxs/src/graphics/actor_part18b.s
arm-none-eabi-cpp -I tools/agbcc/include -iquote include -nostdinc -undef src/graphics/actor_part18.c | tools/agbcc/bin/agbcc -mthumb-interwork -Wimplicit -Wparentheses -O2 -fhex-asm  -fprologue-bugfix -o build/crashbandicootxs/src/graphics/actor_part18.s
arm-none-eabi-as -mcpu=arm7tdmi -mthumb-interwork -I asminclude --defsym NON_MATCHING=0 -o build/crashbandicootxs/src/graphics/actor_part18.o build/crashbandicootxs/src/graphics/actor_part18.s
arm-none-eabi-cpp -I tools/agbcc/include -iquote include -nostdinc -undef src/graphics/actor_part_1967c.c | tools/agbcc/bin/old_agbcc -mthumb-interwork -Wimplicit -Wparentheses -O2 -fhex-asm -o build/crashbandicootxs/src/graphics/actor_part_1967c.s
arm-none-eabi-as -mcpu=arm7tdmi -mthumb-interwork -I asminclude --defsym NON_MATCHING=0 -o build/crashbandicootxs/src/graphics/actor_part_1967c.o build/crashbandicootxs/src/graphics/actor_part_1967c.s
arm-none-eabi-cpp -I tools/agbcc/include -iquote include -nostdinc -undef src/graphics/actor_part19b.c | tools/agbcc/bin/agbcc -mthumb-interwork -Wimplicit -Wparentheses -O2 -fhex-asm  -fprologue-bugfix -o build/crashbandicootxs/src/graphics/actor_part19b.s
arm-none-eabi-as -mcpu=arm7tdmi -mthumb-interwork -I asminclude --defsym NON_MATCHING=0 -o build/crashbandicootxs/src/graphics/actor_part19b.o build/crashbandicootxs/src/graphics/actor_part19b.s
arm-none-eabi-cpp -I tools/agbcc/include -iquote include -nostdinc -undef src/graphics/actor_part19.c | tools/agbcc/bin/agbcc -mthumb-interwork -Wimplicit -Wparentheses -O2 -fhex-asm  -fprologue-bugfix -o build/crashbandicootxs/src/graphics/actor_part19.s
arm-none-eabi-as -mcpu=arm7tdmi -mthumb-interwork -I asminclude --defsym NON_MATCHING=0 -o build/crashbandicootxs/src/graphics/actor_part19.o build/crashbandicootxs/src/graphics/actor_part19.s
arm-none-eabi-cpp -I tools/agbcc/include -iquote include -nostdinc -undef src/graphics/actor_part19c2.c | tools/agbcc/bin/agbcc -mthumb-interwork -Wimplicit -Wparentheses -O2 -fhex-asm  -fprologue-bugfix -o build/crashbandicootxs/src/graphics/actor_part19c2.s
arm-none-eabi-as -mcpu=arm7tdmi -mthumb-interwork -I asminclude --defsym NON_MATCHING=0 -o build/crashbandicootxs/src/graphics/actor_part19c2.o build/crashbandicootxs/src/graphics/actor_part19c2.s
arm-none-eabi-cpp -I tools/agbcc/include -iquote include -nostdinc -undef src/graphics/actor_part19c.c | tools/agbcc/bin/agbcc -mthumb-interwork -Wimplicit -Wparentheses -O2 -fhex-asm  -fprologue-bugfix -o build/crashbandicootxs/src/graphics/actor_part19c.s
arm-none-eabi-as -mcpu=arm7tdmi -mthumb-interwork -I asminclude --defsym NON_MATCHING=0 -o build/crashbandicootxs/src/graphics/actor_part19c.o build/crashbandicootxs/src/graphics/actor_part19c.s
arm-none-eabi-cpp -I tools/agbcc/include -iquote include -nostdinc -undef src/graphics/actor_part19d.c | tools/agbcc/bin/agbcc -mthumb-interwork -Wimplicit -Wparentheses -O2 -fhex-asm  -fprologue-bugfix -o build/crashbandicootxs/src/graphics/actor_part19d.s
arm-none-eabi-as -mcpu=arm7tdmi -mthumb-interwork -I asminclude --defsym NON_MATCHING=0 -o build/crashbandicootxs/src/graphics/actor_part19d.o build/crashbandicootxs/src/graphics/actor_part19d.s
arm-none-eabi-cpp -I tools/agbcc/include -iquote include -nostdinc -undef src/graphics/actor_part19e.c | tools/agbcc/bin/agbcc -mthumb-interwork -Wimplicit -Wparentheses -O2 -fhex-asm  -fprologue-bugfix -o build/crashbandicootxs/src/graphics/actor_part19e.s
arm-none-eabi-as -mcpu=arm7tdmi -mthumb-interwork -I asminclude --defsym NON_MATCHING=0 -o build/crashbandicootxs/src/graphics/actor_part19e.o build/crashbandicootxs/src/graphics/actor_part19e.s
arm-none-eabi-cpp -I tools/agbcc/include -iquote include -nostdinc -undef src/graphics/actor_part19f.c | tools/agbcc/bin/agbcc -mthumb-interwork -Wimplicit -Wparentheses -O2 -fhex-asm  -fprologue-bugfix -o build/crashbandicootxs/src/graphics/actor_part19f.s
arm-none-eabi-as -mcpu=arm7tdmi -mthumb-interwork -I asminclude --defsym NON_MATCHING=0 -o build/crashbandicootxs/src/graphics/actor_part19f.o build/crashbandicootxs/src/graphics/actor_part19f.s
arm-none-eabi-cpp -I tools/agbcc/include -iquote include -nostdinc -undef src/graphics/actor_part19g.c | tools/agbcc/bin/agbcc -mthumb-interwork -Wimplicit -Wparentheses -O2 -fhex-asm  -fprologue-bugfix -o build/crashbandicootxs/src/graphics/actor_part19g.s
arm-none-eabi-as -mcpu=arm7tdmi -mthumb-interwork -I asminclude --defsym NON_MATCHING=0 -o build/crashbandicootxs/src/graphics/actor_part19g.o build/crashbandicootxs/src/graphics/actor_part19g.s
arm-none-eabi-cpp -I tools/agbcc/include -iquote include -nostdinc -undef src/graphics/actor_part19h.c | tools/agbcc/bin/agbcc -mthumb-interwork -Wimplicit -Wparentheses -O2 -fhex-asm  -fprologue-bugfix -o build/crashbandicootxs/src/graphics/actor_part19h.s
arm-none-eabi-as -mcpu=arm7tdmi -mthumb-interwork -I asminclude --defsym NON_MATCHING=0 -o build/crashbandicootxs/src/graphics/actor_part19h.o build/crashbandicootxs/src/graphics/actor_part19h.s
arm-none-eabi-cpp -I tools/agbcc/include -iquote include -nostdinc -undef src/graphics/actor_part19i.c | tools/agbcc/bin/agbcc -mthumb-interwork -Wimplicit -Wparentheses -O2 -fhex-asm  -fprologue-bugfix -o build/crashbandicootxs/src/graphics/actor_part19i.s
arm-none-eabi-as -mcpu=arm7tdmi -mthumb-interwork -I asminclude --defsym NON_MATCHING=0 -o build/crashbandicootxs/src/graphics/actor_part19i.o build/crashbandicootxs/src/graphics/actor_part19i.s
arm-none-eabi-cpp -I tools/agbcc/include -iquote include -nostdinc -undef src/graphics/actor_part_1a794.c | tools/agbcc/bin/agbcc -mthumb-interwork -Wimplicit -Wparentheses -O2 -fhex-asm  -fprologue-bugfix -o build/crashbandicootxs/src/graphics/actor_part_1a794.s
arm-none-eabi-as -mcpu=arm7tdmi -mthumb-interwork -I asminclude --defsym NON_MATCHING=0 -o build/crashbandicootxs/src/graphics/actor_part_1a794.o build/crashbandicootxs/src/graphics/actor_part_1a794.s
arm-none-eabi-cpp -I tools/agbcc/include -iquote include -nostdinc -undef src/graphics/actor_part_1a878.c | tools/agbcc/bin/old_agbcc -mthumb-interwork -Wimplicit -Wparentheses -O2 -fhex-asm -o build/crashbandicootxs/src/graphics/actor_part_1a878.s
arm-none-eabi-as -mcpu=arm7tdmi -mthumb-interwork -I asminclude --defsym NON_MATCHING=0 -o build/crashbandicootxs/src/graphics/actor_part_1a878.o build/crashbandicootxs/src/graphics/actor_part_1a878.s
arm-none-eabi-cpp -I tools/agbcc/include -iquote include -nostdinc -undef src/graphics/actor_part_1ab34.c | tools/agbcc/bin/agbcc -mthumb-interwork -Wimplicit -Wparentheses -O2 -fhex-asm  -fprologue-bugfix -o build/crashbandicootxs/src/graphics/actor_part_1ab34.s
arm-none-eabi-as -mcpu=arm7tdmi -mthumb-interwork -I asminclude --defsym NON_MATCHING=0 -o build/crashbandicootxs/src/graphics/actor_part_1ab34.o build/crashbandicootxs/src/graphics/actor_part_1ab34.s
arm-none-eabi-cpp -I tools/agbcc/include -iquote include -nostdinc -undef src/graphics/actor_part_1ab98.c | tools/agbcc/bin/agbcc -mthumb-interwork -Wimplicit -Wparentheses -O2 -fhex-asm  -fprologue-bugfix -o build/crashbandicootxs/src/graphics/actor_part_1ab98.s
arm-none-eabi-as -mcpu=arm7tdmi -mthumb-interwork -I asminclude --defsym NON_MATCHING=0 -o build/crashbandicootxs/src/graphics/actor_part_1ab98.o build/crashbandicootxs/src/graphics/actor_part_1ab98.s
arm-none-eabi-cpp -I tools/agbcc/include -iquote include -nostdinc -undef src/graphics/actor_part_1b208.c | tools/agbcc/bin/agbcc -mthumb-interwork -Wimplicit -Wparentheses -O2 -fhex-asm  -fprologue-bugfix -o build/crashbandicootxs/src/graphics/actor_part_1b208.s
arm-none-eabi-as -mcpu=arm7tdmi -mthumb-interwork -I asminclude --defsym NON_MATCHING=0 -o build/crashbandicootxs/src/graphics/actor_part_1b208.o build/crashbandicootxs/src/graphics/actor_part_1b208.s
arm-none-eabi-cpp -I tools/agbcc/include -iquote include -nostdinc -undef src/graphics/actor_part_1b85c.c | tools/agbcc/bin/old_agbcc -mthumb-interwork -Wimplicit -Wparentheses -O2 -fhex-asm -o build/crashbandicootxs/src/graphics/actor_part_1b85c.s
arm-none-eabi-as -mcpu=arm7tdmi -mthumb-interwork -I asminclude --defsym NON_MATCHING=0 -o build/crashbandicootxs/src/graphics/actor_part_1b85c.o build/crashbandicootxs/src/graphics/actor_part_1b85c.s
arm-none-eabi-cpp -I tools/agbcc/include -iquote include -nostdinc -undef src/graphics/actor_part_1cee0.c | tools/agbcc/bin/old_agbcc -mthumb-interwork -Wimplicit -Wparentheses -O2 -fhex-asm -o build/crashbandicootxs/src/graphics/actor_part_1cee0.s
arm-none-eabi-as -mcpu=arm7tdmi -mthumb-interwork -I asminclude --defsym NON_MATCHING=0 -o build/crashbandicootxs/src/graphics/actor_part_1cee0.o build/crashbandicootxs/src/graphics/actor_part_1cee0.s
arm-none-eabi-cpp -I tools/agbcc/include -iquote include -nostdinc -undef src/graphics/actor_part_1da38.c | tools/agbcc/bin/old_agbcc -mthumb-interwork -Wimplicit -Wparentheses -O2 -fhex-asm -o build/crashbandicootxs/src/graphics/actor_part_1da38.s
arm-none-eabi-as -mcpu=arm7tdmi -mthumb-interwork -I asminclude --defsym NON_MATCHING=0 -o build/crashbandicootxs/src/graphics/actor_part_1da38.o build/crashbandicootxs/src/graphics/actor_part_1da38.s
arm-none-eabi-cpp -I tools/agbcc/include -iquote include -nostdinc -undef src/graphics/actor_part_1dfec.c | tools/agbcc/bin/old_agbcc -mthumb-interwork -Wimplicit -Wparentheses -O2 -fhex-asm -o build/crashbandicootxs/src/graphics/actor_part_1dfec.s
arm-none-eabi-as -mcpu=arm7tdmi -mthumb-interwork -I asminclude --defsym NON_MATCHING=0 -o build/crashbandicootxs/src/graphics/actor_part_1dfec.o build/crashbandicootxs/src/graphics/actor_part_1dfec.s
arm-none-eabi-cpp -I tools/agbcc/include -iquote include -nostdinc -undef src/graphics/actor_part20b.c | tools/agbcc/bin/agbcc -mthumb-interwork -Wimplicit -Wparentheses -O2 -fhex-asm  -fprologue-bugfix -o build/crashbandicootxs/src/graphics/actor_part20b.s
arm-none-eabi-as -mcpu=arm7tdmi -mthumb-interwork -I asminclude --defsym NON_MATCHING=0 -o build/crashbandicootxs/src/graphics/actor_part20b.o build/crashbandicootxs/src/graphics/actor_part20b.s
arm-none-eabi-cpp -I tools/agbcc/include -iquote include -nostdinc -undef src/graphics/actor_part20.c | tools/agbcc/bin/agbcc -mthumb-interwork -Wimplicit -Wparentheses -O2 -fhex-asm  -fprologue-bugfix -o build/crashbandicootxs/src/graphics/actor_part20.s
arm-none-eabi-as -mcpu=arm7tdmi -mthumb-interwork -I asminclude --defsym NON_MATCHING=0 -o build/crashbandicootxs/src/graphics/actor_part20.o build/crashbandicootxs/src/graphics/actor_part20.s
arm-none-eabi-cpp -I tools/agbcc/include -iquote include -nostdinc -undef src/graphics/actor_part20d.c | tools/agbcc/bin/agbcc -mthumb-interwork -Wimplicit -Wparentheses -O2 -fhex-asm  -fprologue-bugfix -o build/crashbandicootxs/src/graphics/actor_part20d.s
arm-none-eabi-as -mcpu=arm7tdmi -mthumb-interwork -I asminclude --defsym NON_MATCHING=0 -o build/crashbandicootxs/src/graphics/actor_part20d.o build/crashbandicootxs/src/graphics/actor_part20d.s
arm-none-eabi-cpp -I tools/agbcc/include -iquote include -nostdinc -undef src/graphics/actor_part21b.c | tools/agbcc/bin/agbcc -mthumb-interwork -Wimplicit -Wparentheses -O2 -fhex-asm  -fprologue-bugfix -o build/crashbandicootxs/src/graphics/actor_part21b.s
arm-none-eabi-as -mcpu=arm7tdmi -mthumb-interwork -I asminclude --defsym NON_MATCHING=0 -o build/crashbandicootxs/src/graphics/actor_part21b.o build/crashbandicootxs/src/graphics/actor_part21b.s
arm-none-eabi-cpp -I tools/agbcc/include -iquote include -nostdinc -undef src/graphics/actor_part21.c | tools/agbcc/bin/agbcc -mthumb-interwork -Wimplicit -Wparentheses -O2 -fhex-asm  -fprologue-bugfix -o build/crashbandicootxs/src/graphics/actor_part21.s
arm-none-eabi-as -mcpu=arm7tdmi -mthumb-interwork -I asminclude --defsym NON_MATCHING=0 -o build/crashbandicootxs/src/graphics/actor_part21.o build/crashbandicootxs/src/graphics/actor_part21.s
arm-none-eabi-cpp -I tools/agbcc/include -iquote include -nostdinc -undef src/graphics/actor_part21c.c | tools/agbcc/bin/agbcc -mthumb-interwork -Wimplicit -Wparentheses -O2 -fhex-asm  -fprologue-bugfix -o build/crashbandicootxs/src/graphics/actor_part21c.s
arm-none-eabi-as -mcpu=arm7tdmi -mthumb-interwork -I asminclude --defsym NON_MATCHING=0 -o build/crashbandicootxs/src/graphics/actor_part21c.o build/crashbandicootxs/src/graphics/actor_part21c.s
arm-none-eabi-cpp -I tools/agbcc/include -iquote include -nostdinc -undef src/graphics/actor_part21d.c | tools/agbcc/bin/agbcc -mthumb-interwork -Wimplicit -Wparentheses -O2 -fhex-asm  -fprologue-bugfix -o build/crashbandicootxs/src/graphics/actor_part21d.s
arm-none-eabi-as -mcpu=arm7tdmi -mthumb-interwork -I asminclude --defsym NON_MATCHING=0 -o build/crashbandicootxs/src/graphics/actor_part21d.o build/crashbandicootxs/src/graphics/actor_part21d.s
arm-none-eabi-cpp -I tools/agbcc/include -iquote include -nostdinc -undef src/graphics/actor_part21e.c | tools/agbcc/bin/agbcc -mthumb-interwork -Wimplicit -Wparentheses -O2 -fhex-asm  -fprologue-bugfix -o build/crashbandicootxs/src/graphics/actor_part21e.s
arm-none-eabi-as -mcpu=arm7tdmi -mthumb-interwork -I asminclude --defsym NON_MATCHING=0 -o build/crashbandicootxs/src/graphics/actor_part21e.o build/crashbandicootxs/src/graphics/actor_part21e.s
arm-none-eabi-cpp -I tools/agbcc/include -iquote include -nostdinc -undef src/graphics/actor_part21f.c | tools/agbcc/bin/agbcc -mthumb-interwork -Wimplicit -Wparentheses -O2 -fhex-asm  -fprologue-bugfix -o build/crashbandicootxs/src/graphics/actor_part21f.s
arm-none-eabi-as -mcpu=arm7tdmi -mthumb-interwork -I asminclude --defsym NON_MATCHING=0 -o build/crashbandicootxs/src/graphics/actor_part21f.o build/crashbandicootxs/src/graphics/actor_part21f.s
arm-none-eabi-cpp -I tools/agbcc/include -iquote include -nostdinc -undef src/graphics/actor_part22.c | tools/agbcc/bin/agbcc -mthumb-interwork -Wimplicit -Wparentheses -O2 -fhex-asm  -fprologue-bugfix -o build/crashbandicootxs/src/graphics/actor_part22.s
arm-none-eabi-as -mcpu=arm7tdmi -mthumb-interwork -I asminclude --defsym NON_MATCHING=0 -o build/crashbandicootxs/src/graphics/actor_part22.o build/crashbandicootxs/src/graphics/actor_part22.s
arm-none-eabi-cpp -I tools/agbcc/include -iquote include -nostdinc -undef src/graphics/actor_part23b.c | tools/agbcc/bin/agbcc -mthumb-interwork -Wimplicit -Wparentheses -O2 -fhex-asm  -fprologue-bugfix -o build/crashbandicootxs/src/graphics/actor_part23b.s
arm-none-eabi-as -mcpu=arm7tdmi -mthumb-interwork -I asminclude --defsym NON_MATCHING=0 -o build/crashbandicootxs/src/graphics/actor_part23b.o build/crashbandicootxs/src/graphics/actor_part23b.s
arm-none-eabi-cpp -I tools/agbcc/include -iquote include -nostdinc -undef src/graphics/actor_part23.c | tools/agbcc/bin/agbcc -mthumb-interwork -Wimplicit -Wparentheses -O2 -fhex-asm  -fprologue-bugfix -o build/crashbandicootxs/src/graphics/actor_part23.s
arm-none-eabi-as -mcpu=arm7tdmi -mthumb-interwork -I asminclude --defsym NON_MATCHING=0 -o build/crashbandicootxs/src/graphics/actor_part23.o build/crashbandicootxs/src/graphics/actor_part23.s
arm-none-eabi-cpp -I tools/agbcc/include -iquote include -nostdinc -undef src/graphics/actor_part23c.c | tools/agbcc/bin/agbcc -mthumb-interwork -Wimplicit -Wparentheses -O2 -fhex-asm  -fprologue-bugfix -o build/crashbandicootxs/src/graphics/actor_part23c.s
arm-none-eabi-as -mcpu=arm7tdmi -mthumb-interwork -I asminclude --defsym NON_MATCHING=0 -o build/crashbandicootxs/src/graphics/actor_part23c.o build/crashbandicootxs/src/graphics/actor_part23c.s
arm-none-eabi-cpp -I tools/agbcc/include -iquote include -nostdinc -undef src/graphics/actor_part23d.c | tools/agbcc/bin/agbcc -mthumb-interwork -Wimplicit -Wparentheses -O2 -fhex-asm  -fprologue-bugfix -o build/crashbandicootxs/src/graphics/actor_part23d.s
arm-none-eabi-as -mcpu=arm7tdmi -mthumb-interwork -I asminclude --defsym NON_MATCHING=0 -o build/crashbandicootxs/src/graphics/actor_part23d.o build/crashbandicootxs/src/graphics/actor_part23d.s
arm-none-eabi-cpp -I tools/agbcc/include -iquote include -nostdinc -undef src/graphics/actor_part23e.c | tools/agbcc/bin/agbcc -mthumb-interwork -Wimplicit -Wparentheses -O2 -fhex-asm  -fprologue-bugfix -o build/crashbandicootxs/src/graphics/actor_part23e.s
arm-none-eabi-as -mcpu=arm7tdmi -mthumb-interwork -I asminclude --defsym NON_MATCHING=0 -o build/crashbandicootxs/src/graphics/actor_part23e.o build/crashbandicootxs/src/graphics/actor_part23e.s
arm-none-eabi-cpp -I tools/agbcc/include -iquote include -nostdinc -undef src/graphics/actor_part23f.c | tools/agbcc/bin/agbcc -mthumb-interwork -Wimplicit -Wparentheses -O2 -fhex-asm  -fprologue-bugfix -o build/crashbandicootxs/src/graphics/actor_part23f.s
arm-none-eabi-as -mcpu=arm7tdmi -mthumb-interwork -I asminclude --defsym NON_MATCHING=0 -o build/crashbandicootxs/src/graphics/actor_part23f.o build/crashbandicootxs/src/graphics/actor_part23f.s
arm-none-eabi-cpp -I tools/agbcc/include -iquote include -nostdinc -undef src/graphics/actor_part24b.c | tools/agbcc/bin/agbcc -mthumb-interwork -Wimplicit -Wparentheses -O2 -fhex-asm  -fprologue-bugfix -o build/crashbandicootxs/src/graphics/actor_part24b.s
arm-none-eabi-as -mcpu=arm7tdmi -mthumb-interwork -I asminclude --defsym NON_MATCHING=0 -o build/crashbandicootxs/src/graphics/actor_part24b.o build/crashbandicootxs/src/graphics/actor_part24b.s
arm-none-eabi-cpp -I tools/agbcc/include -iquote include -nostdinc -undef src/graphics/actor_part24.c | tools/agbcc/bin/agbcc -mthumb-interwork -Wimplicit -Wparentheses -O2 -fhex-asm  -fprologue-bugfix -o build/crashbandicootxs/src/graphics/actor_part24.s
arm-none-eabi-as -mcpu=arm7tdmi -mthumb-interwork -I asminclude --defsym NON_MATCHING=0 -o build/crashbandicootxs/src/graphics/actor_part24.o build/crashbandicootxs/src/graphics/actor_part24.s
arm-none-eabi-cpp -I tools/agbcc/include -iquote include -nostdinc -undef src/graphics/actor_part25.c | tools/agbcc/bin/agbcc -mthumb-interwork -Wimplicit -Wparentheses -O2 -fhex-asm  -fprologue-bugfix -o build/crashbandicootxs/src/graphics/actor_part25.s
arm-none-eabi-as -mcpu=arm7tdmi -mthumb-interwork -I asminclude --defsym NON_MATCHING=0 -o build/crashbandicootxs/src/graphics/actor_part25.o build/crashbandicootxs/src/graphics/actor_part25.s
arm-none-eabi-cpp -I tools/agbcc/include -iquote include -nostdinc -undef src/graphics/actor_part26b.c | tools/agbcc/bin/agbcc -mthumb-interwork -Wimplicit -Wparentheses -O2 -fhex-asm  -fprologue-bugfix -o build/crashbandicootxs/src/graphics/actor_part26b.s
arm-none-eabi-as -mcpu=arm7tdmi -mthumb-interwork -I asminclude --defsym NON_MATCHING=0 -o build/crashbandicootxs/src/graphics/actor_part26b.o build/crashbandicootxs/src/graphics/actor_part26b.s
arm-none-eabi-cpp -I tools/agbcc/include -iquote include -nostdinc -undef src/graphics/actor_part26.c | tools/agbcc/bin/agbcc -mthumb-interwork -Wimplicit -Wparentheses -O2 -fhex-asm  -fprologue-bugfix -o build/crashbandicootxs/src/graphics/actor_part26.s
arm-none-eabi-as -mcpu=arm7tdmi -mthumb-interwork -I asminclude --defsym NON_MATCHING=0 -o build/crashbandicootxs/src/graphics/actor_part26.o build/crashbandicootxs/src/graphics/actor_part26.s
arm-none-eabi-cpp -I tools/agbcc/include -iquote include -nostdinc -undef src/graphics/actor_part26c.c | tools/agbcc/bin/agbcc -mthumb-interwork -Wimplicit -Wparentheses -O2 -fhex-asm  -fprologue-bugfix -o build/crashbandicootxs/src/graphics/actor_part26c.s
arm-none-eabi-as -mcpu=arm7tdmi -mthumb-interwork -I asminclude --defsym NON_MATCHING=0 -o build/crashbandicootxs/src/graphics/actor_part26c.o build/crashbandicootxs/src/graphics/actor_part26c.s
arm-none-eabi-cpp -I tools/agbcc/include -iquote include -nostdinc -undef src/graphics/actor_part27a.c | tools/agbcc/bin/old_agbcc -mthumb-interwork -Wimplicit -Wparentheses -O2 -fhex-asm -o build/crashbandicootxs/src/graphics/actor_part27a.s
arm-none-eabi-as -mcpu=arm7tdmi -mthumb-interwork -I asminclude --defsym NON_MATCHING=0 -o build/crashbandicootxs/src/graphics/actor_part27a.o build/crashbandicootxs/src/graphics/actor_part27a.s
arm-none-eabi-cpp -I tools/agbcc/include -iquote include -nostdinc -undef src/graphics/actor_part27b.c | tools/agbcc/bin/agbcc -mthumb-interwork -Wimplicit -Wparentheses -O2 -fhex-asm  -fprologue-bugfix -o build/crashbandicootxs/src/graphics/actor_part27b.s
arm-none-eabi-as -mcpu=arm7tdmi -mthumb-interwork -I asminclude --defsym NON_MATCHING=0 -o build/crashbandicootxs/src/graphics/actor_part27b.o build/crashbandicootxs/src/graphics/actor_part27b.s
arm-none-eabi-cpp -I tools/agbcc/include -iquote include -nostdinc -undef src/graphics/actor_part27.c | tools/agbcc/bin/agbcc -mthumb-interwork -Wimplicit -Wparentheses -O2 -fhex-asm  -fprologue-bugfix -o build/crashbandicootxs/src/graphics/actor_part27.s
arm-none-eabi-as -mcpu=arm7tdmi -mthumb-interwork -I asminclude --defsym NON_MATCHING=0 -o build/crashbandicootxs/src/graphics/actor_part27.o build/crashbandicootxs/src/graphics/actor_part27.s
arm-none-eabi-cpp -I tools/agbcc/include -iquote include -nostdinc -undef src/graphics/actor_part27c.c | tools/agbcc/bin/agbcc -mthumb-interwork -Wimplicit -Wparentheses -O2 -fhex-asm  -fprologue-bugfix -o build/crashbandicootxs/src/graphics/actor_part27c.s
arm-none-eabi-as -mcpu=arm7tdmi -mthumb-interwork -I asminclude --defsym NON_MATCHING=0 -o build/crashbandicootxs/src/graphics/actor_part27c.o build/crashbandicootxs/src/graphics/actor_part27c.s
arm-none-eabi-cpp -I tools/agbcc/include -iquote include -nostdinc -undef src/graphics/actor_part28.c | tools/agbcc/bin/agbcc -mthumb-interwork -Wimplicit -Wparentheses -O2 -fhex-asm  -fprologue-bugfix -o build/crashbandicootxs/src/graphics/actor_part28.s
arm-none-eabi-as -mcpu=arm7tdmi -mthumb-interwork -I asminclude --defsym NON_MATCHING=0 -o build/crashbandicootxs/src/graphics/actor_part28.o build/crashbandicootxs/src/graphics/actor_part28.s
arm-none-eabi-cpp -I tools/agbcc/include -iquote include -nostdinc -undef src/graphics/actor_part29.c | tools/agbcc/bin/agbcc -mthumb-interwork -Wimplicit -Wparentheses -O2 -fhex-asm  -fprologue-bugfix -o build/crashbandicootxs/src/graphics/actor_part29.s
arm-none-eabi-as -mcpu=arm7tdmi -mthumb-interwork -I asminclude --defsym NON_MATCHING=0 -o build/crashbandicootxs/src/graphics/actor_part29.o build/crashbandicootxs/src/graphics/actor_part29.s
arm-none-eabi-cpp -I tools/agbcc/include -iquote include -nostdinc -undef src/graphics/actor_part_2ac28.c | tools/agbcc/bin/agbcc -mthumb-interwork -Wimplicit -Wparentheses -O2 -fhex-asm  -fprologue-bugfix -o build/crashbandicootxs/src/graphics/actor_part_2ac28.s
arm-none-eabi-as -mcpu=arm7tdmi -mthumb-interwork -I asminclude --defsym NON_MATCHING=0 -o build/crashbandicootxs/src/graphics/actor_part_2ac28.o build/crashbandicootxs/src/graphics/actor_part_2ac28.s
arm-none-eabi-cpp -I tools/agbcc/include -iquote include -nostdinc -undef src/graphics/actor_part2.c | tools/agbcc/bin/agbcc -mthumb-interwork -Wimplicit -Wparentheses -O2 -fhex-asm  -fprologue-bugfix -o build/crashbandicootxs/src/graphics/actor_part2.s
arm-none-eabi-as -mcpu=arm7tdmi -mthumb-interwork -I asminclude --defsym NON_MATCHING=0 -o build/crashbandicootxs/src/graphics/actor_part2.o build/crashbandicootxs/src/graphics/actor_part2.s
arm-none-eabi-cpp -I tools/agbcc/include -iquote include -nostdinc -undef src/graphics/actor_part_2fbf0.c | tools/agbcc/bin/agbcc -mthumb-interwork -Wimplicit -Wparentheses -O2 -fhex-asm  -fprologue-bugfix -o build/crashbandicootxs/src/graphics/actor_part_2fbf0.s
arm-none-eabi-as -mcpu=arm7tdmi -mthumb-interwork -I asminclude --defsym NON_MATCHING=0 -o build/crashbandicootxs/src/graphics/actor_part_2fbf0.o build/crashbandicootxs/src/graphics/actor_part_2fbf0.s
arm-none-eabi-cpp -I tools/agbcc/include -iquote include -nostdinc -undef src/graphics/actor_part30.c | tools/agbcc/bin/agbcc -mthumb-interwork -Wimplicit -Wparentheses -O2 -fhex-asm  -fprologue-bugfix -o build/crashbandicootxs/src/graphics/actor_part30.s
arm-none-eabi-as -mcpu=arm7tdmi -mthumb-interwork -I asminclude --defsym NON_MATCHING=0 -o build/crashbandicootxs/src/graphics/actor_part30.o build/crashbandicootxs/src/graphics/actor_part30.s
arm-none-eabi-cpp -I tools/agbcc/include -iquote include -nostdinc -undef src/graphics/actor_part31.c | tools/agbcc/bin/agbcc -mthumb-interwork -Wimplicit -Wparentheses -O2 -fhex-asm  -fprologue-bugfix -o build/crashbandicootxs/src/graphics/actor_part31.s
arm-none-eabi-as -mcpu=arm7tdmi -mthumb-interwork -I asminclude --defsym NON_MATCHING=0 -o build/crashbandicootxs/src/graphics/actor_part31.o build/crashbandicootxs/src/graphics/actor_part31.s
arm-none-eabi-cpp -I tools/agbcc/include -iquote include -nostdinc -undef src/graphics/actor_part32.c | tools/agbcc/bin/agbcc -mthumb-interwork -Wimplicit -Wparentheses -O2 -fhex-asm  -fprologue-bugfix -o build/crashbandicootxs/src/graphics/actor_part32.s
arm-none-eabi-as -mcpu=arm7tdmi -mthumb-interwork -I asminclude --defsym NON_MATCHING=0 -o build/crashbandicootxs/src/graphics/actor_part32.o build/crashbandicootxs/src/graphics/actor_part32.s
arm-none-eabi-cpp -I tools/agbcc/include -iquote include -nostdinc -undef src/graphics/actor_part33.c | tools/agbcc/bin/agbcc -mthumb-interwork -Wimplicit -Wparentheses -O2 -fhex-asm  -fprologue-bugfix -o build/crashbandicootxs/src/graphics/actor_part33.s
arm-none-eabi-as -mcpu=arm7tdmi -mthumb-interwork -I asminclude --defsym NON_MATCHING=0 -o build/crashbandicootxs/src/graphics/actor_part33.o build/crashbandicootxs/src/graphics/actor_part33.s
arm-none-eabi-cpp -I tools/agbcc/include -iquote include -nostdinc -undef src/graphics/actor_part34.c | tools/agbcc/bin/agbcc -mthumb-interwork -Wimplicit -Wparentheses -O2 -fhex-asm  -fprologue-bugfix -o build/crashbandicootxs/src/graphics/actor_part34.s
arm-none-eabi-as -mcpu=arm7tdmi -mthumb-interwork -I asminclude --defsym NON_MATCHING=0 -o build/crashbandicootxs/src/graphics/actor_part34.o build/crashbandicootxs/src/graphics/actor_part34.s
arm-none-eabi-cpp -I tools/agbcc/include -iquote include -nostdinc -undef src/graphics/actor_part35.c | tools/agbcc/bin/agbcc -mthumb-interwork -Wimplicit -Wparentheses -O2 -fhex-asm  -fprologue-bugfix -o build/crashbandicootxs/src/graphics/actor_part35.s
arm-none-eabi-as -mcpu=arm7tdmi -mthumb-interwork -I asminclude --defsym NON_MATCHING=0 -o build/crashbandicootxs/src/graphics/actor_part35.o build/crashbandicootxs/src/graphics/actor_part35.s
arm-none-eabi-cpp -I tools/agbcc/include -iquote include -nostdinc -undef src/graphics/actor_part36.c | tools/agbcc/bin/agbcc -mthumb-interwork -Wimplicit -Wparentheses -O2 -fhex-asm  -fprologue-bugfix -o build/crashbandicootxs/src/graphics/actor_part36.s
arm-none-eabi-as -mcpu=arm7tdmi -mthumb-interwork -I asminclude --defsym NON_MATCHING=0 -o build/crashbandicootxs/src/graphics/actor_part36.o build/crashbandicootxs/src/graphics/actor_part36.s
arm-none-eabi-cpp -I tools/agbcc/include -iquote include -nostdinc -undef src/graphics/actor_part37.c | tools/agbcc/bin/agbcc -mthumb-interwork -Wimplicit -Wparentheses -O2 -fhex-asm  -fprologue-bugfix -o build/crashbandicootxs/src/graphics/actor_part37.s
arm-none-eabi-as -mcpu=arm7tdmi -mthumb-interwork -I asminclude --defsym NON_MATCHING=0 -o build/crashbandicootxs/src/graphics/actor_part37.o build/crashbandicootxs/src/graphics/actor_part37.s
arm-none-eabi-cpp -I tools/agbcc/include -iquote include -nostdinc -undef src/graphics/actor_part38b.c | tools/agbcc/bin/agbcc -mthumb-interwork -Wimplicit -Wparentheses -O2 -fhex-asm  -fprologue-bugfix -o build/crashbandicootxs/src/graphics/actor_part38b.s
arm-none-eabi-as -mcpu=arm7tdmi -mthumb-interwork -I asminclude --defsym NON_MATCHING=0 -o build/crashbandicootxs/src/graphics/actor_part38b.o build/crashbandicootxs/src/graphics/actor_part38b.s
arm-none-eabi-cpp -I tools/agbcc/include -iquote include -nostdinc -undef src/graphics/actor_part38.c | tools/agbcc/bin/agbcc -mthumb-interwork -Wimplicit -Wparentheses -O2 -fhex-asm  -fprologue-bugfix -o build/crashbandicootxs/src/graphics/actor_part38.s
arm-none-eabi-as -mcpu=arm7tdmi -mthumb-interwork -I asminclude --defsym NON_MATCHING=0 -o build/crashbandicootxs/src/graphics/actor_part38.o build/crashbandicootxs/src/graphics/actor_part38.s
arm-none-eabi-cpp -I tools/agbcc/include -iquote include -nostdinc -undef src/graphics/actor_part38c.c | tools/agbcc/bin/agbcc -mthumb-interwork -Wimplicit -Wparentheses -O2 -fhex-asm  -fprologue-bugfix -o build/crashbandicootxs/src/graphics/actor_part38c.s
arm-none-eabi-as -mcpu=arm7tdmi -mthumb-interwork -I asminclude --defsym NON_MATCHING=0 -o build/crashbandicootxs/src/graphics/actor_part38c.o build/crashbandicootxs/src/graphics/actor_part38c.s
arm-none-eabi-cpp -I tools/agbcc/include -iquote include -nostdinc -undef src/graphics/actor_part38d.c | tools/agbcc/bin/agbcc -mthumb-interwork -Wimplicit -Wparentheses -O2 -fhex-asm  -fprologue-bugfix -o build/crashbandicootxs/src/graphics/actor_part38d.s
arm-none-eabi-as -mcpu=arm7tdmi -mthumb-interwork -I asminclude --defsym NON_MATCHING=0 -o build/crashbandicootxs/src/graphics/actor_part38d.o build/crashbandicootxs/src/graphics/actor_part38d.s
arm-none-eabi-cpp -I tools/agbcc/include -iquote include -nostdinc -undef src/graphics/actor_part39.c | tools/agbcc/bin/agbcc -mthumb-interwork -Wimplicit -Wparentheses -O2 -fhex-asm  -fprologue-bugfix -o build/crashbandicootxs/src/graphics/actor_part39.s
arm-none-eabi-as -mcpu=arm7tdmi -mthumb-interwork -I asminclude --defsym NON_MATCHING=0 -o build/crashbandicootxs/src/graphics/actor_part39.o build/crashbandicootxs/src/graphics/actor_part39.s
arm-none-eabi-cpp -I tools/agbcc/include -iquote include -nostdinc -undef src/graphics/actor_part3.c | tools/agbcc/bin/old_agbcc -mthumb-interwork -Wimplicit -Wparentheses -O2 -fhex-asm -o build/crashbandicootxs/src/graphics/actor_part3.s
arm-none-eabi-as -mcpu=arm7tdmi -mthumb-interwork -I asminclude --defsym NON_MATCHING=0 -o build/crashbandicootxs/src/graphics/actor_part3.o build/crashbandicootxs/src/graphics/actor_part3.s
arm-none-eabi-cpp -I tools/agbcc/include -iquote include -nostdinc -undef src/graphics/actor_part43b.c | tools/agbcc/bin/agbcc -mthumb-interwork -Wimplicit -Wparentheses -O2 -fhex-asm  -fprologue-bugfix -o build/crashbandicootxs/src/graphics/actor_part43b.s
arm-none-eabi-as -mcpu=arm7tdmi -mthumb-interwork -I asminclude --defsym NON_MATCHING=0 -o build/crashbandicootxs/src/graphics/actor_part43b.o build/crashbandicootxs/src/graphics/actor_part43b.s
arm-none-eabi-cpp -I tools/agbcc/include -iquote include -nostdinc -undef src/graphics/actor_part43.c | tools/agbcc/bin/agbcc -mthumb-interwork -Wimplicit -Wparentheses -O2 -fhex-asm  -fprologue-bugfix -o build/crashbandicootxs/src/graphics/actor_part43.s
arm-none-eabi-as -mcpu=arm7tdmi -mthumb-interwork -I asminclude --defsym NON_MATCHING=0 -o build/crashbandicootxs/src/graphics/actor_part43.o build/crashbandicootxs/src/graphics/actor_part43.s
arm-none-eabi-cpp -I tools/agbcc/include -iquote include -nostdinc -undef src/graphics/actor_part44b.c | tools/agbcc/bin/agbcc -mthumb-interwork -Wimplicit -Wparentheses -O2 -fhex-asm  -fprologue-bugfix -o build/crashbandicootxs/src/graphics/actor_part44b.s
arm-none-eabi-as -mcpu=arm7tdmi -mthumb-interwork -I asminclude --defsym NON_MATCHING=0 -o build/crashbandicootxs/src/graphics/actor_part44b.o build/crashbandicootxs/src/graphics/actor_part44b.s
arm-none-eabi-cpp -I tools/agbcc/include -iquote include -nostdinc -undef src/graphics/actor_part44.c | tools/agbcc/bin/agbcc -mthumb-interwork -Wimplicit -Wparentheses -O2 -fhex-asm  -fprologue-bugfix -o build/crashbandicootxs/src/graphics/actor_part44.s
arm-none-eabi-as -mcpu=arm7tdmi -mthumb-interwork -I asminclude --defsym NON_MATCHING=0 -o build/crashbandicootxs/src/graphics/actor_part44.o build/crashbandicootxs/src/graphics/actor_part44.s
arm-none-eabi-cpp -I tools/agbcc/include -iquote include -nostdinc -undef src/graphics/actor_part45b.c | tools/agbcc/bin/agbcc -mthumb-interwork -Wimplicit -Wparentheses -O2 -fhex-asm  -fprologue-bugfix -o build/crashbandicootxs/src/graphics/actor_part45b.s
arm-none-eabi-as -mcpu=arm7tdmi -mthumb-interwork -I asminclude --defsym NON_MATCHING=0 -o build/crashbandicootxs/src/graphics/actor_part45b.o build/crashbandicootxs/src/graphics/actor_part45b.s
arm-none-eabi-cpp -I tools/agbcc/include -iquote include -nostdinc -undef src/graphics/actor_part45.c | tools/agbcc/bin/agbcc -mthumb-interwork -Wimplicit -Wparentheses -O2 -fhex-asm  -fprologue-bugfix -o build/crashbandicootxs/src/graphics/actor_part45.s
arm-none-eabi-as -mcpu=arm7tdmi -mthumb-interwork -I asminclude --defsym NON_MATCHING=0 -o build/crashbandicootxs/src/graphics/actor_part45.o build/crashbandicootxs/src/graphics/actor_part45.s
arm-none-eabi-cpp -I tools/agbcc/include -iquote include -nostdinc -undef src/graphics/actor_part45c.c | tools/agbcc/bin/agbcc -mthumb-interwork -Wimplicit -Wparentheses -O2 -fhex-asm  -fprologue-bugfix -o build/crashbandicootxs/src/graphics/actor_part45c.s
arm-none-eabi-as -mcpu=arm7tdmi -mthumb-interwork -I asminclude --defsym NON_MATCHING=0 -o build/crashbandicootxs/src/graphics/actor_part45c.o build/crashbandicootxs/src/graphics/actor_part45c.s
arm-none-eabi-cpp -I tools/agbcc/include -iquote include -nostdinc -undef src/graphics/actor_part45d.c | tools/agbcc/bin/agbcc -mthumb-interwork -Wimplicit -Wparentheses -O2 -fhex-asm  -fprologue-bugfix -o build/crashbandicootxs/src/graphics/actor_part45d.s
arm-none-eabi-as -mcpu=arm7tdmi -mthumb-interwork -I asminclude --defsym NON_MATCHING=0 -o build/crashbandicootxs/src/graphics/actor_part45d.o build/crashbandicootxs/src/graphics/actor_part45d.s
arm-none-eabi-cpp -I tools/agbcc/include -iquote include -nostdinc -undef src/graphics/actor_part46b.c | tools/agbcc/bin/agbcc -mthumb-interwork -Wimplicit -Wparentheses -O2 -fhex-asm  -fprologue-bugfix -o build/crashbandicootxs/src/graphics/actor_part46b.s
arm-none-eabi-as -mcpu=arm7tdmi -mthumb-interwork -I asminclude --defsym NON_MATCHING=0 -o build/crashbandicootxs/src/graphics/actor_part46b.o build/crashbandicootxs/src/graphics/actor_part46b.s
arm-none-eabi-cpp -I tools/agbcc/include -iquote include -nostdinc -undef src/graphics/actor_part46.c | tools/agbcc/bin/agbcc -mthumb-interwork -Wimplicit -Wparentheses -O2 -fhex-asm  -fprologue-bugfix -o build/crashbandicootxs/src/graphics/actor_part46.s
arm-none-eabi-as -mcpu=arm7tdmi -mthumb-interwork -I asminclude --defsym NON_MATCHING=0 -o build/crashbandicootxs/src/graphics/actor_part46.o build/crashbandicootxs/src/graphics/actor_part46.s
arm-none-eabi-cpp -I tools/agbcc/include -iquote include -nostdinc -undef src/graphics/actor_part47.c | tools/agbcc/bin/agbcc -mthumb-interwork -Wimplicit -Wparentheses -O2 -fhex-asm  -fprologue-bugfix -o build/crashbandicootxs/src/graphics/actor_part47.s
arm-none-eabi-as -mcpu=arm7tdmi -mthumb-interwork -I asminclude --defsym NON_MATCHING=0 -o build/crashbandicootxs/src/graphics/actor_part47.o build/crashbandicootxs/src/graphics/actor_part47.s
arm-none-eabi-cpp -I tools/agbcc/include -iquote include -nostdinc -undef src/graphics/actor_part48.c | tools/agbcc/bin/agbcc -mthumb-interwork -Wimplicit -Wparentheses -O2 -fhex-asm  -fprologue-bugfix -o build/crashbandicootxs/src/graphics/actor_part48.s
arm-none-eabi-as -mcpu=arm7tdmi -mthumb-interwork -I asminclude --defsym NON_MATCHING=0 -o build/crashbandicootxs/src/graphics/actor_part48.o build/crashbandicootxs/src/graphics/actor_part48.s
arm-none-eabi-cpp -I tools/agbcc/include -iquote include -nostdinc -undef src/graphics/actor_part49.c | tools/agbcc/bin/agbcc -mthumb-interwork -Wimplicit -Wparentheses -O2 -fhex-asm  -fprologue-bugfix -o build/crashbandicootxs/src/graphics/actor_part49.s
arm-none-eabi-as -mcpu=arm7tdmi -mthumb-interwork -I asminclude --defsym NON_MATCHING=0 -o build/crashbandicootxs/src/graphics/actor_part49.o build/crashbandicootxs/src/graphics/actor_part49.s
arm-none-eabi-cpp -I tools/agbcc/include -iquote include -nostdinc -undef src/graphics/actor_part4.c | tools/agbcc/bin/agbcc -mthumb-interwork -Wimplicit -Wparentheses -O2 -fhex-asm  -fprologue-bugfix -o build/crashbandicootxs/src/graphics/actor_part4.s
arm-none-eabi-as -mcpu=arm7tdmi -mthumb-interwork -I asminclude --defsym NON_MATCHING=0 -o build/crashbandicootxs/src/graphics/actor_part4.o build/crashbandicootxs/src/graphics/actor_part4.s
arm-none-eabi-cpp -I tools/agbcc/include -iquote include -nostdinc -undef src/graphics/actor_part50.c | tools/agbcc/bin/agbcc -mthumb-interwork -Wimplicit -Wparentheses -O2 -fhex-asm  -fprologue-bugfix -o build/crashbandicootxs/src/graphics/actor_part50.s
arm-none-eabi-as -mcpu=arm7tdmi -mthumb-interwork -I asminclude --defsym NON_MATCHING=0 -o build/crashbandicootxs/src/graphics/actor_part50.o build/crashbandicootxs/src/graphics/actor_part50.s
arm-none-eabi-cpp -I tools/agbcc/include -iquote include -nostdinc -undef src/graphics/actor_part51.c | tools/agbcc/bin/agbcc -mthumb-interwork -Wimplicit -Wparentheses -O2 -fhex-asm  -fprologue-bugfix -o build/crashbandicootxs/src/graphics/actor_part51.s
arm-none-eabi-as -mcpu=arm7tdmi -mthumb-interwork -I asminclude --defsym NON_MATCHING=0 -o build/crashbandicootxs/src/graphics/actor_part51.o build/crashbandicootxs/src/graphics/actor_part51.s
arm-none-eabi-cpp -I tools/agbcc/include -iquote include -nostdinc -undef src/graphics/actor_part52.c | tools/agbcc/bin/agbcc -mthumb-interwork -Wimplicit -Wparentheses -O2 -fhex-asm  -fprologue-bugfix -o build/crashbandicootxs/src/graphics/actor_part52.s
arm-none-eabi-as -mcpu=arm7tdmi -mthumb-interwork -I asminclude --defsym NON_MATCHING=0 -o build/crashbandicootxs/src/graphics/actor_part52.o build/crashbandicootxs/src/graphics/actor_part52.s
arm-none-eabi-cpp -I tools/agbcc/include -iquote include -nostdinc -undef src/graphics/actor_part53.c | tools/agbcc/bin/agbcc -mthumb-interwork -Wimplicit -Wparentheses -O2 -fhex-asm  -fprologue-bugfix -o build/crashbandicootxs/src/graphics/actor_part53.s
arm-none-eabi-as -mcpu=arm7tdmi -mthumb-interwork -I asminclude --defsym NON_MATCHING=0 -o build/crashbandicootxs/src/graphics/actor_part53.o build/crashbandicootxs/src/graphics/actor_part53.s
arm-none-eabi-cpp -I tools/agbcc/include -iquote include -nostdinc -undef src/graphics/actor_part54.c | tools/agbcc/bin/agbcc -mthumb-interwork -Wimplicit -Wparentheses -O2 -fhex-asm  -fprologue-bugfix -o build/crashbandicootxs/src/graphics/actor_part54.s
arm-none-eabi-as -mcpu=arm7tdmi -mthumb-interwork -I asminclude --defsym NON_MATCHING=0 -o build/crashbandicootxs/src/graphics/actor_part54.o build/crashbandicootxs/src/graphics/actor_part54.s
arm-none-eabi-cpp -I tools/agbcc/include -iquote include -nostdinc -undef src/graphics/actor_part55.c | tools/agbcc/bin/agbcc -mthumb-interwork -Wimplicit -Wparentheses -O2 -fhex-asm  -fprologue-bugfix -o build/crashbandicootxs/src/graphics/actor_part55.s
arm-none-eabi-as -mcpu=arm7tdmi -mthumb-interwork -I asminclude --defsym NON_MATCHING=0 -o build/crashbandicootxs/src/graphics/actor_part55.o build/crashbandicootxs/src/graphics/actor_part55.s
arm-none-eabi-cpp -I tools/agbcc/include -iquote include -nostdinc -undef src/graphics/actor_part56.c | tools/agbcc/bin/agbcc -mthumb-interwork -Wimplicit -Wparentheses -O2 -fhex-asm  -fprologue-bugfix -o build/crashbandicootxs/src/graphics/actor_part56.s
arm-none-eabi-as -mcpu=arm7tdmi -mthumb-interwork -I asminclude --defsym NON_MATCHING=0 -o build/crashbandicootxs/src/graphics/actor_part56.o build/crashbandicootxs/src/graphics/actor_part56.s
arm-none-eabi-cpp -I tools/agbcc/include -iquote include -nostdinc -undef src/graphics/actor_part57b.c | tools/agbcc/bin/agbcc -mthumb-interwork -Wimplicit -Wparentheses -O2 -fhex-asm  -fprologue-bugfix -o build/crashbandicootxs/src/graphics/actor_part57b.s
arm-none-eabi-as -mcpu=arm7tdmi -mthumb-interwork -I asminclude --defsym NON_MATCHING=0 -o build/crashbandicootxs/src/graphics/actor_part57b.o build/crashbandicootxs/src/graphics/actor_part57b.s
arm-none-eabi-cpp -I tools/agbcc/include -iquote include -nostdinc -undef src/graphics/actor_part57.c | tools/agbcc/bin/agbcc -mthumb-interwork -Wimplicit -Wparentheses -O2 -fhex-asm  -fprologue-bugfix -o build/crashbandicootxs/src/graphics/actor_part57.s
arm-none-eabi-as -mcpu=arm7tdmi -mthumb-interwork -I asminclude --defsym NON_MATCHING=0 -o build/crashbandicootxs/src/graphics/actor_part57.o build/crashbandicootxs/src/graphics/actor_part57.s
arm-none-eabi-cpp -I tools/agbcc/include -iquote include -nostdinc -undef src/graphics/actor_part58.c | tools/agbcc/bin/agbcc -mthumb-interwork -Wimplicit -Wparentheses -O2 -fhex-asm  -fprologue-bugfix -o build/crashbandicootxs/src/graphics/actor_part58.s
arm-none-eabi-as -mcpu=arm7tdmi -mthumb-interwork -I asminclude --defsym NON_MATCHING=0 -o build/crashbandicootxs/src/graphics/actor_part58.o build/crashbandicootxs/src/graphics/actor_part58.s
arm-none-eabi-cpp -I tools/agbcc/include -iquote include -nostdinc -undef src/graphics/actor_part59.c | tools/agbcc/bin/agbcc -mthumb-interwork -Wimplicit -Wparentheses -O2 -fhex-asm  -fprologue-bugfix -o build/crashbandicootxs/src/graphics/actor_part59.s
arm-none-eabi-as -mcpu=arm7tdmi -mthumb-interwork -I asminclude --defsym NON_MATCHING=0 -o build/crashbandicootxs/src/graphics/actor_part59.o build/crashbandicootxs/src/graphics/actor_part59.s
arm-none-eabi-cpp -I tools/agbcc/include -iquote include -nostdinc -undef src/graphics/actor_part5.c | tools/agbcc/bin/agbcc -mthumb-interwork -Wimplicit -Wparentheses -O2 -fhex-asm  -fprologue-bugfix -o build/crashbandicootxs/src/graphics/actor_part5.s
arm-none-eabi-as -mcpu=arm7tdmi -mthumb-interwork -I asminclude --defsym NON_MATCHING=0 -o build/crashbandicootxs/src/graphics/actor_part5.o build/crashbandicootxs/src/graphics/actor_part5.s
arm-none-eabi-cpp -I tools/agbcc/include -iquote include -nostdinc -undef src/graphics/actor_part60.c | tools/agbcc/bin/agbcc -mthumb-interwork -Wimplicit -Wparentheses -O2 -fhex-asm  -fprologue-bugfix -o build/crashbandicootxs/src/graphics/actor_part60.s
arm-none-eabi-as -mcpu=arm7tdmi -mthumb-interwork -I asminclude --defsym NON_MATCHING=0 -o build/crashbandicootxs/src/graphics/actor_part60.o build/crashbandicootxs/src/graphics/actor_part60.s
arm-none-eabi-cpp -I tools/agbcc/include -iquote include -nostdinc -undef src/graphics/actor_part61.c | tools/agbcc/bin/agbcc -mthumb-interwork -Wimplicit -Wparentheses -O2 -fhex-asm  -fprologue-bugfix -o build/crashbandicootxs/src/graphics/actor_part61.s
arm-none-eabi-as -mcpu=arm7tdmi -mthumb-interwork -I asminclude --defsym NON_MATCHING=0 -o build/crashbandicootxs/src/graphics/actor_part61.o build/crashbandicootxs/src/graphics/actor_part61.s
arm-none-eabi-cpp -I tools/agbcc/include -iquote include -nostdinc -undef src/graphics/actor_part62.c | tools/agbcc/bin/agbcc -mthumb-interwork -Wimplicit -Wparentheses -O2 -fhex-asm  -fprologue-bugfix -o build/crashbandicootxs/src/graphics/actor_part62.s
arm-none-eabi-as -mcpu=arm7tdmi -mthumb-interwork -I asminclude --defsym NON_MATCHING=0 -o build/crashbandicootxs/src/graphics/actor_part62.o build/crashbandicootxs/src/graphics/actor_part62.s
arm-none-eabi-cpp -I tools/agbcc/include -iquote include -nostdinc -undef src/graphics/actor_part63.c | tools/agbcc/bin/agbcc -mthumb-interwork -Wimplicit -Wparentheses -O2 -fhex-asm  -fprologue-bugfix -o build/crashbandicootxs/src/graphics/actor_part63.s
arm-none-eabi-as -mcpu=arm7tdmi -mthumb-interwork -I asminclude --defsym NON_MATCHING=0 -o build/crashbandicootxs/src/graphics/actor_part63.o build/crashbandicootxs/src/graphics/actor_part63.s
arm-none-eabi-cpp -I tools/agbcc/include -iquote include -nostdinc -undef src/graphics/actor_part64.c | tools/agbcc/bin/agbcc -mthumb-interwork -Wimplicit -Wparentheses -O2 -fhex-asm  -fprologue-bugfix -o build/crashbandicootxs/src/graphics/actor_part64.s
arm-none-eabi-as -mcpu=arm7tdmi -mthumb-interwork -I asminclude --defsym NON_MATCHING=0 -o build/crashbandicootxs/src/graphics/actor_part64.o build/crashbandicootxs/src/graphics/actor_part64.s
arm-none-eabi-cpp -I tools/agbcc/include -iquote include -nostdinc -undef src/graphics/actor_part65.c | tools/agbcc/bin/agbcc -mthumb-interwork -Wimplicit -Wparentheses -O2 -fhex-asm  -fprologue-bugfix -o build/crashbandicootxs/src/graphics/actor_part65.s
arm-none-eabi-as -mcpu=arm7tdmi -mthumb-interwork -I asminclude --defsym NON_MATCHING=0 -o build/crashbandicootxs/src/graphics/actor_part65.o build/crashbandicootxs/src/graphics/actor_part65.s
arm-none-eabi-cpp -I tools/agbcc/include -iquote include -nostdinc -undef src/graphics/actor_part66.c | tools/agbcc/bin/agbcc -mthumb-interwork -Wimplicit -Wparentheses -O2 -fhex-asm  -fprologue-bugfix -o build/crashbandicootxs/src/graphics/actor_part66.s
arm-none-eabi-as -mcpu=arm7tdmi -mthumb-interwork -I asminclude --defsym NON_MATCHING=0 -o build/crashbandicootxs/src/graphics/actor_part66.o build/crashbandicootxs/src/graphics/actor_part66.s
arm-none-eabi-cpp -I tools/agbcc/include -iquote include -nostdinc -undef src/graphics/actor_part67.c | tools/agbcc/bin/agbcc -mthumb-interwork -Wimplicit -Wparentheses -O2 -fhex-asm  -fprologue-bugfix -o build/crashbandicootxs/src/graphics/actor_part67.s
arm-none-eabi-as -mcpu=arm7tdmi -mthumb-interwork -I asminclude --defsym NON_MATCHING=0 -o build/crashbandicootxs/src/graphics/actor_part67.o build/crashbandicootxs/src/graphics/actor_part67.s
arm-none-eabi-cpp -I tools/agbcc/include -iquote include -nostdinc -undef src/graphics/actor_part68.c | tools/agbcc/bin/agbcc -mthumb-interwork -Wimplicit -Wparentheses -O2 -fhex-asm  -fprologue-bugfix -o build/crashbandicootxs/src/graphics/actor_part68.s
arm-none-eabi-as -mcpu=arm7tdmi -mthumb-interwork -I asminclude --defsym NON_MATCHING=0 -o build/crashbandicootxs/src/graphics/actor_part68.o build/crashbandicootxs/src/graphics/actor_part68.s
arm-none-eabi-cpp -I tools/agbcc/include -iquote include -nostdinc -undef src/graphics/actor_part69.c | tools/agbcc/bin/agbcc -mthumb-interwork -Wimplicit -Wparentheses -O2 -fhex-asm  -fprologue-bugfix -o build/crashbandicootxs/src/graphics/actor_part69.s
arm-none-eabi-as -mcpu=arm7tdmi -mthumb-interwork -I asminclude --defsym NON_MATCHING=0 -o build/crashbandicootxs/src/graphics/actor_part69.o build/crashbandicootxs/src/graphics/actor_part69.s
arm-none-eabi-cpp -I tools/agbcc/include -iquote include -nostdinc -undef src/graphics/actor_part6.c | tools/agbcc/bin/agbcc -mthumb-interwork -Wimplicit -Wparentheses -O2 -fhex-asm  -fprologue-bugfix -o build/crashbandicootxs/src/graphics/actor_part6.s
arm-none-eabi-as -mcpu=arm7tdmi -mthumb-interwork -I asminclude --defsym NON_MATCHING=0 -o build/crashbandicootxs/src/graphics/actor_part6.o build/crashbandicootxs/src/graphics/actor_part6.s
arm-none-eabi-cpp -I tools/agbcc/include -iquote include -nostdinc -undef src/graphics/actor_part70.c | tools/agbcc/bin/agbcc -mthumb-interwork -Wimplicit -Wparentheses -O2 -fhex-asm  -fprologue-bugfix -o build/crashbandicootxs/src/graphics/actor_part70.s
arm-none-eabi-as -mcpu=arm7tdmi -mthumb-interwork -I asminclude --defsym NON_MATCHING=0 -o build/crashbandicootxs/src/graphics/actor_part70.o build/crashbandicootxs/src/graphics/actor_part70.s
arm-none-eabi-cpp -I tools/agbcc/include -iquote include -nostdinc -undef src/graphics/actor_part71.c | tools/agbcc/bin/agbcc -mthumb-interwork -Wimplicit -Wparentheses -O2 -fhex-asm  -fprologue-bugfix -o build/crashbandicootxs/src/graphics/actor_part71.s
arm-none-eabi-as -mcpu=arm7tdmi -mthumb-interwork -I asminclude --defsym NON_MATCHING=0 -o build/crashbandicootxs/src/graphics/actor_part71.o build/crashbandicootxs/src/graphics/actor_part71.s
arm-none-eabi-cpp -I tools/agbcc/include -iquote include -nostdinc -undef src/graphics/actor_part72.c | tools/agbcc/bin/agbcc -mthumb-interwork -Wimplicit -Wparentheses -O2 -fhex-asm  -fprologue-bugfix -o build/crashbandicootxs/src/graphics/actor_part72.s
arm-none-eabi-as -mcpu=arm7tdmi -mthumb-interwork -I asminclude --defsym NON_MATCHING=0 -o build/crashbandicootxs/src/graphics/actor_part72.o build/crashbandicootxs/src/graphics/actor_part72.s
arm-none-eabi-cpp -I tools/agbcc/include -iquote include -nostdinc -undef src/graphics/actor_part73.c | tools/agbcc/bin/agbcc -mthumb-interwork -Wimplicit -Wparentheses -O2 -fhex-asm  -fprologue-bugfix -o build/crashbandicootxs/src/graphics/actor_part73.s
arm-none-eabi-as -mcpu=arm7tdmi -mthumb-interwork -I asminclude --defsym NON_MATCHING=0 -o build/crashbandicootxs/src/graphics/actor_part73.o build/crashbandicootxs/src/graphics/actor_part73.s
arm-none-eabi-cpp -I tools/agbcc/include -iquote include -nostdinc -undef src/graphics/actor_part74.c | tools/agbcc/bin/old_agbcc -mthumb-interwork -Wimplicit -Wparentheses -O2 -fhex-asm -o build/crashbandicootxs/src/graphics/actor_part74.s
arm-none-eabi-as -mcpu=arm7tdmi -mthumb-interwork -I asminclude --defsym NON_MATCHING=0 -o build/crashbandicootxs/src/graphics/actor_part74.o build/crashbandicootxs/src/graphics/actor_part74.s
arm-none-eabi-cpp -I tools/agbcc/include -iquote include -nostdinc -undef src/graphics/actor_part75.c | tools/agbcc/bin/agbcc -mthumb-interwork -Wimplicit -Wparentheses -O2 -fhex-asm  -fprologue-bugfix -o build/crashbandicootxs/src/graphics/actor_part75.s
arm-none-eabi-as -mcpu=arm7tdmi -mthumb-interwork -I asminclude --defsym NON_MATCHING=0 -o build/crashbandicootxs/src/graphics/actor_part75.o build/crashbandicootxs/src/graphics/actor_part75.s
arm-none-eabi-cpp -I tools/agbcc/include -iquote include -nostdinc -undef src/graphics/actor_part76.c | tools/agbcc/bin/agbcc -mthumb-interwork -Wimplicit -Wparentheses -O2 -fhex-asm  -fprologue-bugfix -o build/crashbandicootxs/src/graphics/actor_part76.s
arm-none-eabi-as -mcpu=arm7tdmi -mthumb-interwork -I asminclude --defsym NON_MATCHING=0 -o build/crashbandicootxs/src/graphics/actor_part76.o build/crashbandicootxs/src/graphics/actor_part76.s
arm-none-eabi-cpp -I tools/agbcc/include -iquote include -nostdinc -undef src/graphics/actor_part77.c | tools/agbcc/bin/agbcc -mthumb-interwork -Wimplicit -Wparentheses -O2 -fhex-asm  -fprologue-bugfix -o build/crashbandicootxs/src/graphics/actor_part77.s
arm-none-eabi-as -mcpu=arm7tdmi -mthumb-interwork -I asminclude --defsym NON_MATCHING=0 -o build/crashbandicootxs/src/graphics/actor_part77.o build/crashbandicootxs/src/graphics/actor_part77.s
arm-none-eabi-cpp -I tools/agbcc/include -iquote include -nostdinc -undef src/graphics/actor_part78.c | tools/agbcc/bin/agbcc -mthumb-interwork -Wimplicit -Wparentheses -O2 -fhex-asm  -fprologue-bugfix -o build/crashbandicootxs/src/graphics/actor_part78.s
arm-none-eabi-as -mcpu=arm7tdmi -mthumb-interwork -I asminclude --defsym NON_MATCHING=0 -o build/crashbandicootxs/src/graphics/actor_part78.o build/crashbandicootxs/src/graphics/actor_part78.s
arm-none-eabi-cpp -I tools/agbcc/include -iquote include -nostdinc -undef src/graphics/actor_part79.c | tools/agbcc/bin/agbcc -mthumb-interwork -Wimplicit -Wparentheses -O2 -fhex-asm  -fprologue-bugfix -o build/crashbandicootxs/src/graphics/actor_part79.s
arm-none-eabi-as -mcpu=arm7tdmi -mthumb-interwork -I asminclude --defsym NON_MATCHING=0 -o build/crashbandicootxs/src/graphics/actor_part79.o build/crashbandicootxs/src/graphics/actor_part79.s
arm-none-eabi-cpp -I tools/agbcc/include -iquote include -nostdinc -undef src/graphics/actor_part7b.c | tools/agbcc/bin/old_agbcc -mthumb-interwork -Wimplicit -Wparentheses -O2 -fhex-asm -o build/crashbandicootxs/src/graphics/actor_part7b.s
arm-none-eabi-as -mcpu=arm7tdmi -mthumb-interwork -I asminclude --defsym NON_MATCHING=0 -o build/crashbandicootxs/src/graphics/actor_part7b.o build/crashbandicootxs/src/graphics/actor_part7b.s
arm-none-eabi-cpp -I tools/agbcc/include -iquote include -nostdinc -undef src/graphics/actor_part7.c | tools/agbcc/bin/old_agbcc -mthumb-interwork -Wimplicit -Wparentheses -O2 -fhex-asm -o build/crashbandicootxs/src/graphics/actor_part7.s
arm-none-eabi-as -mcpu=arm7tdmi -mthumb-interwork -I asminclude --defsym NON_MATCHING=0 -o build/crashbandicootxs/src/graphics/actor_part7.o build/crashbandicootxs/src/graphics/actor_part7.s
arm-none-eabi-cpp -I tools/agbcc/include -iquote include -nostdinc -undef src/graphics/actor_part80.c | tools/agbcc/bin/agbcc -mthumb-interwork -Wimplicit -Wparentheses -O2 -fhex-asm  -fprologue-bugfix -o build/crashbandicootxs/src/graphics/actor_part80.s
arm-none-eabi-as -mcpu=arm7tdmi -mthumb-interwork -I asminclude --defsym NON_MATCHING=0 -o build/crashbandicootxs/src/graphics/actor_part80.o build/crashbandicootxs/src/graphics/actor_part80.s
arm-none-eabi-cpp -I tools/agbcc/include -iquote include -nostdinc -undef src/graphics/actor_part81.c | tools/agbcc/bin/old_agbcc -mthumb-interwork -Wimplicit -Wparentheses -O2 -fhex-asm -o build/crashbandicootxs/src/graphics/actor_part81.s
arm-none-eabi-as -mcpu=arm7tdmi -mthumb-interwork -I asminclude --defsym NON_MATCHING=0 -o build/crashbandicootxs/src/graphics/actor_part81.o build/crashbandicootxs/src/graphics/actor_part81.s
arm-none-eabi-cpp -I tools/agbcc/include -iquote include -nostdinc -undef src/graphics/actor_part82.c | tools/agbcc/bin/agbcc -mthumb-interwork -Wimplicit -Wparentheses -O2 -fhex-asm  -fprologue-bugfix -o build/crashbandicootxs/src/graphics/actor_part82.s
arm-none-eabi-as -mcpu=arm7tdmi -mthumb-interwork -I asminclude --defsym NON_MATCHING=0 -o build/crashbandicootxs/src/graphics/actor_part82.o build/crashbandicootxs/src/graphics/actor_part82.s
arm-none-eabi-cpp -I tools/agbcc/include -iquote include -nostdinc -undef src/graphics/actor_part83.c | tools/agbcc/bin/old_agbcc -mthumb-interwork -Wimplicit -Wparentheses -O2 -fhex-asm -o build/crashbandicootxs/src/graphics/actor_part83.s
arm-none-eabi-as -mcpu=arm7tdmi -mthumb-interwork -I asminclude --defsym NON_MATCHING=0 -o build/crashbandicootxs/src/graphics/actor_part83.o build/crashbandicootxs/src/graphics/actor_part83.s
arm-none-eabi-cpp -I tools/agbcc/include -iquote include -nostdinc -undef src/graphics/actor_part84.c | tools/agbcc/bin/old_agbcc -mthumb-interwork -Wimplicit -Wparentheses -O2 -fhex-asm -o build/crashbandicootxs/src/graphics/actor_part84.s
arm-none-eabi-as -mcpu=arm7tdmi -mthumb-interwork -I asminclude --defsym NON_MATCHING=0 -o build/crashbandicootxs/src/graphics/actor_part84.o build/crashbandicootxs/src/graphics/actor_part84.s
arm-none-eabi-cpp -I tools/agbcc/include -iquote include -nostdinc -undef src/graphics/actor_part85.c | tools/agbcc/bin/agbcc -mthumb-interwork -Wimplicit -Wparentheses -O2 -fhex-asm  -fprologue-bugfix -o build/crashbandicootxs/src/graphics/actor_part85.s
arm-none-eabi-as -mcpu=arm7tdmi -mthumb-interwork -I asminclude --defsym NON_MATCHING=0 -o build/crashbandicootxs/src/graphics/actor_part85.o build/crashbandicootxs/src/graphics/actor_part85.s
arm-none-eabi-cpp -I tools/agbcc/include -iquote include -nostdinc -undef src/graphics/actor_part86b.c | tools/agbcc/bin/old_agbcc -mthumb-interwork -Wimplicit -Wparentheses -O2 -fhex-asm -o build/crashbandicootxs/src/graphics/actor_part86b.s
arm-none-eabi-as -mcpu=arm7tdmi -mthumb-interwork -I asminclude --defsym NON_MATCHING=0 -o build/crashbandicootxs/src/graphics/actor_part86b.o build/crashbandicootxs/src/graphics/actor_part86b.s
arm-none-eabi-cpp -I tools/agbcc/include -iquote include -nostdinc -undef src/graphics/actor_part86.c | tools/agbcc/bin/old_agbcc -mthumb-interwork -Wimplicit -Wparentheses -O2 -fhex-asm -o build/crashbandicootxs/src/graphics/actor_part86.s
arm-none-eabi-as -mcpu=arm7tdmi -mthumb-interwork -I asminclude --defsym NON_MATCHING=0 -o build/crashbandicootxs/src/graphics/actor_part86.o build/crashbandicootxs/src/graphics/actor_part86.s
arm-none-eabi-cpp -I tools/agbcc/include -iquote include -nostdinc -undef src/graphics/actor_part87.c | tools/agbcc/bin/agbcc -mthumb-interwork -Wimplicit -Wparentheses -O2 -fhex-asm  -fprologue-bugfix -o build/crashbandicootxs/src/graphics/actor_part87.s
arm-none-eabi-as -mcpu=arm7tdmi -mthumb-interwork -I asminclude --defsym NON_MATCHING=0 -o build/crashbandicootxs/src/graphics/actor_part87.o build/crashbandicootxs/src/graphics/actor_part87.s
arm-none-eabi-cpp -I tools/agbcc/include -iquote include -nostdinc -undef src/graphics/actor_part88.c | tools/agbcc/bin/old_agbcc -mthumb-interwork -Wimplicit -Wparentheses -O2 -fhex-asm -o build/crashbandicootxs/src/graphics/actor_part88.s
arm-none-eabi-as -mcpu=arm7tdmi -mthumb-interwork -I asminclude --defsym NON_MATCHING=0 -o build/crashbandicootxs/src/graphics/actor_part88.o build/crashbandicootxs/src/graphics/actor_part88.s
arm-none-eabi-cpp -I tools/agbcc/include -iquote include -nostdinc -undef src/graphics/actor_part89.c | tools/agbcc/bin/agbcc -mthumb-interwork -Wimplicit -Wparentheses -O2 -fhex-asm  -fprologue-bugfix -o build/crashbandicootxs/src/graphics/actor_part89.s
arm-none-eabi-as -mcpu=arm7tdmi -mthumb-interwork -I asminclude --defsym NON_MATCHING=0 -o build/crashbandicootxs/src/graphics/actor_part89.o build/crashbandicootxs/src/graphics/actor_part89.s
arm-none-eabi-cpp -I tools/agbcc/include -iquote include -nostdinc -undef src/graphics/actor_part8.c | tools/agbcc/bin/agbcc -mthumb-interwork -Wimplicit -Wparentheses -O2 -fhex-asm  -fprologue-bugfix -o build/crashbandicootxs/src/graphics/actor_part8.s
arm-none-eabi-as -mcpu=arm7tdmi -mthumb-interwork -I asminclude --defsym NON_MATCHING=0 -o build/crashbandicootxs/src/graphics/actor_part8.o build/crashbandicootxs/src/graphics/actor_part8.s
arm-none-eabi-cpp -I tools/agbcc/include -iquote include -nostdinc -undef src/graphics/actor_part90.c | tools/agbcc/bin/agbcc -mthumb-interwork -Wimplicit -Wparentheses -O2 -fhex-asm  -fprologue-bugfix -o build/crashbandicootxs/src/graphics/actor_part90.s
arm-none-eabi-as -mcpu=arm7tdmi -mthumb-interwork -I asminclude --defsym NON_MATCHING=0 -o build/crashbandicootxs/src/graphics/actor_part90.o build/crashbandicootxs/src/graphics/actor_part90.s
arm-none-eabi-cpp -I tools/agbcc/include -iquote include -nostdinc -undef src/graphics/actor_part91.c | tools/agbcc/bin/agbcc -mthumb-interwork -Wimplicit -Wparentheses -O2 -fhex-asm  -fprologue-bugfix -o build/crashbandicootxs/src/graphics/actor_part91.s
arm-none-eabi-as -mcpu=arm7tdmi -mthumb-interwork -I asminclude --defsym NON_MATCHING=0 -o build/crashbandicootxs/src/graphics/actor_part91.o build/crashbandicootxs/src/graphics/actor_part91.s
arm-none-eabi-cpp -I tools/agbcc/include -iquote include -nostdinc -undef src/graphics/actor_part92.c | tools/agbcc/bin/agbcc -mthumb-interwork -Wimplicit -Wparentheses -O2 -fhex-asm  -fprologue-bugfix -o build/crashbandicootxs/src/graphics/actor_part92.s
arm-none-eabi-as -mcpu=arm7tdmi -mthumb-interwork -I asminclude --defsym NON_MATCHING=0 -o build/crashbandicootxs/src/graphics/actor_part92.o build/crashbandicootxs/src/graphics/actor_part92.s
arm-none-eabi-cpp -I tools/agbcc/include -iquote include -nostdinc -undef src/graphics/actor_part93.c | tools/agbcc/bin/agbcc -mthumb-interwork -Wimplicit -Wparentheses -O2 -fhex-asm  -fprologue-bugfix -o build/crashbandicootxs/src/graphics/actor_part93.s
arm-none-eabi-as -mcpu=arm7tdmi -mthumb-interwork -I asminclude --defsym NON_MATCHING=0 -o build/crashbandicootxs/src/graphics/actor_part93.o build/crashbandicootxs/src/graphics/actor_part93.s
arm-none-eabi-cpp -I tools/agbcc/include -iquote include -nostdinc -undef src/graphics/actor_part94.c | tools/agbcc/bin/agbcc -mthumb-interwork -Wimplicit -Wparentheses -O2 -fhex-asm  -fprologue-bugfix -o build/crashbandicootxs/src/graphics/actor_part94.s
arm-none-eabi-as -mcpu=arm7tdmi -mthumb-interwork -I asminclude --defsym NON_MATCHING=0 -o build/crashbandicootxs/src/graphics/actor_part94.o build/crashbandicootxs/src/graphics/actor_part94.s
arm-none-eabi-cpp -I tools/agbcc/include -iquote include -nostdinc -undef src/graphics/actor_part95.c | tools/agbcc/bin/agbcc -mthumb-interwork -Wimplicit -Wparentheses -O2 -fhex-asm  -fprologue-bugfix -o build/crashbandicootxs/src/graphics/actor_part95.s
arm-none-eabi-as -mcpu=arm7tdmi -mthumb-interwork -I asminclude --defsym NON_MATCHING=0 -o build/crashbandicootxs/src/graphics/actor_part95.o build/crashbandicootxs/src/graphics/actor_part95.s
arm-none-eabi-cpp -I tools/agbcc/include -iquote include -nostdinc -undef src/graphics/actor_part96.c | tools/agbcc/bin/agbcc -mthumb-interwork -Wimplicit -Wparentheses -O2 -fhex-asm  -fprologue-bugfix -o build/crashbandicootxs/src/graphics/actor_part96.s
arm-none-eabi-as -mcpu=arm7tdmi -mthumb-interwork -I asminclude --defsym NON_MATCHING=0 -o build/crashbandicootxs/src/graphics/actor_part96.o build/crashbandicootxs/src/graphics/actor_part96.s
arm-none-eabi-cpp -I tools/agbcc/include -iquote include -nostdinc -undef src/graphics/actor_part97.c | tools/agbcc/bin/agbcc -mthumb-interwork -Wimplicit -Wparentheses -O2 -fhex-asm  -fprologue-bugfix -o build/crashbandicootxs/src/graphics/actor_part97.s
arm-none-eabi-as -mcpu=arm7tdmi -mthumb-interwork -I asminclude --defsym NON_MATCHING=0 -o build/crashbandicootxs/src/graphics/actor_part97.o build/crashbandicootxs/src/graphics/actor_part97.s
arm-none-eabi-cpp -I tools/agbcc/include -iquote include -nostdinc -undef src/graphics/actor_part98.c | tools/agbcc/bin/agbcc -mthumb-interwork -Wimplicit -Wparentheses -O2 -fhex-asm  -fprologue-bugfix -o build/crashbandicootxs/src/graphics/actor_part98.s
arm-none-eabi-as -mcpu=arm7tdmi -mthumb-interwork -I asminclude --defsym NON_MATCHING=0 -o build/crashbandicootxs/src/graphics/actor_part98.o build/crashbandicootxs/src/graphics/actor_part98.s
arm-none-eabi-cpp -I tools/agbcc/include -iquote include -nostdinc -undef src/graphics/actor_part99.c | tools/agbcc/bin/agbcc -mthumb-interwork -Wimplicit -Wparentheses -O2 -fhex-asm  -fprologue-bugfix -o build/crashbandicootxs/src/graphics/actor_part99.s
arm-none-eabi-as -mcpu=arm7tdmi -mthumb-interwork -I asminclude --defsym NON_MATCHING=0 -o build/crashbandicootxs/src/graphics/actor_part99.o build/crashbandicootxs/src/graphics/actor_part99.s
arm-none-eabi-cpp -I tools/agbcc/include -iquote include -nostdinc -undef src/graphics/actor_part9.c | tools/agbcc/bin/agbcc -mthumb-interwork -Wimplicit -Wparentheses -O2 -fhex-asm  -fprologue-bugfix -o build/crashbandicootxs/src/graphics/actor_part9.s
arm-none-eabi-as -mcpu=arm7tdmi -mthumb-interwork -I asminclude --defsym NON_MATCHING=0 -o build/crashbandicootxs/src/graphics/actor_part9.o build/crashbandicootxs/src/graphics/actor_part9.s
arm-none-eabi-cpp -I tools/agbcc/include -iquote include -nostdinc -undef src/graphics/actor_part.c | tools/agbcc/bin/old_agbcc -mthumb-interwork -Wimplicit -Wparentheses -O2 -fhex-asm -o build/crashbandicootxs/src/graphics/actor_part.s
arm-none-eabi-as -mcpu=arm7tdmi -mthumb-interwork -I asminclude --defsym NON_MATCHING=0 -o build/crashbandicootxs/src/graphics/actor_part.o build/crashbandicootxs/src/graphics/actor_part.s
arm-none-eabi-cpp -I tools/agbcc/include -iquote include -nostdinc -undef src/graphics/fade_screen_mode2.c | tools/agbcc/bin/agbcc -mthumb-interwork -Wimplicit -Wparentheses -O2 -fhex-asm  -fprologue-bugfix -o build/crashbandicootxs/src/graphics/fade_screen_mode2.s
arm-none-eabi-as -mcpu=arm7tdmi -mthumb-interwork -I asminclude --defsym NON_MATCHING=0 -o build/crashbandicootxs/src/graphics/fade_screen_mode2.o build/crashbandicootxs/src/graphics/fade_screen_mode2.s
arm-none-eabi-cpp -I tools/agbcc/include -iquote include -nostdinc -undef src/graphics/fade_screen_mode.c | tools/agbcc/bin/agbcc -mthumb-interwork -Wimplicit -Wparentheses -O2 -fhex-asm  -fprologue-bugfix -o build/crashbandicootxs/src/graphics/fade_screen_mode.s
arm-none-eabi-as -mcpu=arm7tdmi -mthumb-interwork -I asminclude --defsym NON_MATCHING=0 -o build/crashbandicootxs/src/graphics/fade_screen_mode.o build/crashbandicootxs/src/graphics/fade_screen_mode.s
arm-none-eabi-cpp -I tools/agbcc/include -iquote include -nostdinc -undef src/graphics/fade_util.c | tools/agbcc/bin/agbcc -mthumb-interwork -Wimplicit -Wparentheses -O2 -fhex-asm  -fprologue-bugfix -o build/crashbandicootxs/src/graphics/fade_util.s
arm-none-eabi-as -mcpu=arm7tdmi -mthumb-interwork -I asminclude --defsym NON_MATCHING=0 -o build/crashbandicootxs/src/graphics/fade_util.o build/crashbandicootxs/src/graphics/fade_util.s
arm-none-eabi-cpp -I tools/agbcc/include -iquote include -nostdinc -undef src/graphics/graphics.c | tools/agbcc/bin/agbcc -mthumb-interwork -Wimplicit -Wparentheses -O2 -fhex-asm  -fprologue-bugfix -o build/crashbandicootxs/src/graphics/graphics.s
src/graphics/graphics.c: In function `sub_8006A14':
src/graphics/graphics.c:108: warning: assignment makes integer from pointer without a cast
src/graphics/graphics.c:109: warning: assignment makes integer from pointer without a cast
src/graphics/graphics.c: In function `sub_8006AAC':
src/graphics/graphics.c:170: warning: assignment makes integer from pointer without a cast
src/graphics/graphics.c:171: warning: assignment makes integer from pointer without a cast
src/graphics/graphics.c: In function `FlushVramDmaQueue':
src/graphics/graphics.c:233: warning: assignment makes integer from pointer without a cast
src/graphics/graphics.c:234: warning: assignment makes integer from pointer without a cast
src/graphics/graphics.c:239: warning: assignment makes integer from pointer without a cast
src/graphics/graphics.c:240: warning: assignment makes integer from pointer without a cast
src/graphics/graphics.c: In function `sub_8006D08':
src/graphics/graphics.c:382: warning: assignment makes integer from pointer without a cast
src/graphics/graphics.c:383: warning: assignment makes integer from pointer without a cast
src/graphics/graphics.c: In function `sub_8006DA0':
src/graphics/graphics.c:438: warning: assignment makes integer from pointer without a cast
src/graphics/graphics.c: In function `sub_8006DC8':
src/graphics/graphics.c:447: warning: assignment makes integer from pointer without a cast
src/graphics/graphics.c: In function `sub_8006DF8':
src/graphics/graphics.c:490: warning: assignment makes integer from pointer without a cast
src/graphics/graphics.c:491: warning: assignment makes integer from pointer without a cast
arm-none-eabi-as -mcpu=arm7tdmi -mthumb-interwork -I asminclude --defsym NON_MATCHING=0 -o build/crashbandicootxs/src/graphics/graphics.o build/crashbandicootxs/src/graphics/graphics.s
arm-none-eabi-cpp -I tools/agbcc/include -iquote include -nostdinc -undef src/graphics/graphics_loading_1e990.c | tools/agbcc/bin/old_agbcc -mthumb-interwork -Wimplicit -Wparentheses -O2 -fhex-asm -o build/crashbandicootxs/src/graphics/graphics_loading_1e990.s
arm-none-eabi-as -mcpu=arm7tdmi -mthumb-interwork -I asminclude --defsym NON_MATCHING=0 -o build/crashbandicootxs/src/graphics/graphics_loading_1e990.o build/crashbandicootxs/src/graphics/graphics_loading_1e990.s
arm-none-eabi-cpp -I tools/agbcc/include -iquote include -nostdinc -undef src/graphics/graphics_loading_1ea5c.c | tools/agbcc/bin/old_agbcc -mthumb-interwork -Wimplicit -Wparentheses -O2 -fhex-asm -o build/crashbandicootxs/src/graphics/graphics_loading_1ea5c.s
arm-none-eabi-as -mcpu=arm7tdmi -mthumb-interwork -I asminclude --defsym NON_MATCHING=0 -o build/crashbandicootxs/src/graphics/graphics_loading_1ea5c.o build/crashbandicootxs/src/graphics/graphics_loading_1ea5c.s
arm-none-eabi-cpp -I tools/agbcc/include -iquote include -nostdinc -undef src/graphics/graphics_loading_1ef0c.c | tools/agbcc/bin/old_agbcc -mthumb-interwork -Wimplicit -Wparentheses -O2 -fhex-asm -o build/crashbandicootxs/src/graphics/graphics_loading_1ef0c.s
arm-none-eabi-as -mcpu=arm7tdmi -mthumb-interwork -I asminclude --defsym NON_MATCHING=0 -o build/crashbandicootxs/src/graphics/graphics_loading_1ef0c.o build/crashbandicootxs/src/graphics/graphics_loading_1ef0c.s
arm-none-eabi-cpp -I tools/agbcc/include -iquote include -nostdinc -undef src/graphics/graphics_loading_1fdec.c | tools/agbcc/bin/old_agbcc -mthumb-interwork -Wimplicit -Wparentheses -O2 -fhex-asm -o build/crashbandicootxs/src/graphics/graphics_loading_1fdec.s
arm-none-eabi-as -mcpu=arm7tdmi -mthumb-interwork -I asminclude --defsym NON_MATCHING=0 -o build/crashbandicootxs/src/graphics/graphics_loading_1fdec.o build/crashbandicootxs/src/graphics/graphics_loading_1fdec.s
arm-none-eabi-cpp -I tools/agbcc/include -iquote include -nostdinc -undef src/graphics/graphics_loading_1feec.c | tools/agbcc/bin/old_agbcc -mthumb-interwork -Wimplicit -Wparentheses -O2 -fhex-asm -o build/crashbandicootxs/src/graphics/graphics_loading_1feec.s
arm-none-eabi-as -mcpu=arm7tdmi -mthumb-interwork -I asminclude --defsym NON_MATCHING=0 -o build/crashbandicootxs/src/graphics/graphics_loading_1feec.o build/crashbandicootxs/src/graphics/graphics_loading_1feec.s
arm-none-eabi-cpp -I tools/agbcc/include -iquote include -nostdinc -undef src/graphics/graphics_loading_21280.c | tools/agbcc/bin/old_agbcc -mthumb-interwork -Wimplicit -Wparentheses -O2 -fhex-asm -o build/crashbandicootxs/src/graphics/graphics_loading_21280.s
arm-none-eabi-as -mcpu=arm7tdmi -mthumb-interwork -I asminclude --defsym NON_MATCHING=0 -o build/crashbandicootxs/src/graphics/graphics_loading_21280.o build/crashbandicootxs/src/graphics/graphics_loading_21280.s
arm-none-eabi-cpp -I tools/agbcc/include -iquote include -nostdinc -undef src/graphics/graphics_loading_21668.c | tools/agbcc/bin/old_agbcc -mthumb-interwork -Wimplicit -Wparentheses -O2 -fhex-asm -o build/crashbandicootxs/src/graphics/graphics_loading_21668.s
arm-none-eabi-as -mcpu=arm7tdmi -mthumb-interwork -I asminclude --defsym NON_MATCHING=0 -o build/crashbandicootxs/src/graphics/graphics_loading_21668.o build/crashbandicootxs/src/graphics/graphics_loading_21668.s
arm-none-eabi-cpp -I tools/agbcc/include -iquote include -nostdinc -undef src/graphics/graphics_loading_21bfc.c | tools/agbcc/bin/agbcc -mthumb-interwork -Wimplicit -Wparentheses -O2 -fhex-asm  -fprologue-bugfix -o build/crashbandicootxs/src/graphics/graphics_loading_21bfc.s
arm-none-eabi-as -mcpu=arm7tdmi -mthumb-interwork -I asminclude --defsym NON_MATCHING=0 -o build/crashbandicootxs/src/graphics/graphics_loading_21bfc.o build/crashbandicootxs/src/graphics/graphics_loading_21bfc.s
arm-none-eabi-cpp -I tools/agbcc/include -iquote include -nostdinc -undef src/graphics/graphics_loading_21d80.c | tools/agbcc/bin/agbcc -mthumb-interwork -Wimplicit -Wparentheses -O2 -fhex-asm  -fprologue-bugfix -o build/crashbandicootxs/src/graphics/graphics_loading_21d80.s
arm-none-eabi-as -mcpu=arm7tdmi -mthumb-interwork -I asminclude --defsym NON_MATCHING=0 -o build/crashbandicootxs/src/graphics/graphics_loading_21d80.o build/crashbandicootxs/src/graphics/graphics_loading_21d80.s
arm-none-eabi-cpp -I tools/agbcc/include -iquote include -nostdinc -undef src/graphics/graphics_loading_22354.c | tools/agbcc/bin/agbcc -mthumb-interwork -Wimplicit -Wparentheses -O2 -fhex-asm  -fprologue-bugfix -o build/crashbandicootxs/src/graphics/graphics_loading_22354.s
arm-none-eabi-as -mcpu=arm7tdmi -mthumb-interwork -I asminclude --defsym NON_MATCHING=0 -o build/crashbandicootxs/src/graphics/graphics_loading_22354.o build/crashbandicootxs/src/graphics/graphics_loading_22354.s
arm-none-eabi-cpp -I tools/agbcc/include -iquote include -nostdinc -undef src/graphics/graphics_loading_35780.c | tools/agbcc/bin/old_agbcc -mthumb-interwork -Wimplicit -Wparentheses -O2 -fhex-asm -fno-strength-reduce -o build/crashbandicootxs/src/graphics/graphics_loading_35780.s
arm-none-eabi-as -mcpu=arm7tdmi -mthumb-interwork -I asminclude --defsym NON_MATCHING=0 -o build/crashbandicootxs/src/graphics/graphics_loading_35780.o build/crashbandicootxs/src/graphics/graphics_loading_35780.s
arm-none-eabi-cpp -I tools/agbcc/include -iquote include -nostdinc -undef src/graphics/graphics_package_1e578.c | tools/agbcc/bin/old_agbcc -mthumb-interwork -Wimplicit -Wparentheses -O2 -fhex-asm -o build/crashbandicootxs/src/graphics/graphics_package_1e578.s
arm-none-eabi-as -mcpu=arm7tdmi -mthumb-interwork -I asminclude --defsym NON_MATCHING=0 -o build/crashbandicootxs/src/graphics/graphics_package_1e578.o build/crashbandicootxs/src/graphics/graphics_package_1e578.s
arm-none-eabi-cpp -I tools/agbcc/include -iquote include -nostdinc -undef src/graphics/graphics_package_1e640.c | tools/agbcc/bin/old_agbcc -mthumb-interwork -Wimplicit -Wparentheses -O2 -fhex-asm -o build/crashbandicootxs/src/graphics/graphics_package_1e640.s
arm-none-eabi-as -mcpu=arm7tdmi -mthumb-interwork -I asminclude --defsym NON_MATCHING=0 -o build/crashbandicootxs/src/graphics/graphics_package_1e640.o build/crashbandicootxs/src/graphics/graphics_package_1e640.s
arm-none-eabi-cpp -I tools/agbcc/include -iquote include -nostdinc -undef src/graphics/graphics_package_1e688.c | tools/agbcc/bin/old_agbcc -mthumb-interwork -Wimplicit -Wparentheses -O2 -fhex-asm -o build/crashbandicootxs/src/graphics/graphics_package_1e688.s
arm-none-eabi-as -mcpu=arm7tdmi -mthumb-interwork -I asminclude --defsym NON_MATCHING=0 -o build/crashbandicootxs/src/graphics/graphics_package_1e688.o build/crashbandicootxs/src/graphics/graphics_package_1e688.s
arm-none-eabi-cpp -I tools/agbcc/include -iquote include -nostdinc -undef src/graphics/graphics_package_1e8f8.c | tools/agbcc/bin/old_agbcc -mthumb-interwork -Wimplicit -Wparentheses -O2 -fhex-asm -o build/crashbandicootxs/src/graphics/graphics_package_1e8f8.s
arm-none-eabi-as -mcpu=arm7tdmi -mthumb-interwork -I asminclude --defsym NON_MATCHING=0 -o build/crashbandicootxs/src/graphics/graphics_package_1e8f8.o build/crashbandicootxs/src/graphics/graphics_package_1e8f8.s
arm-none-eabi-cpp -I tools/agbcc/include -iquote include -nostdinc -undef src/graphics/graphics_package_1e964.c | tools/agbcc/bin/old_agbcc -mthumb-interwork -Wimplicit -Wparentheses -O2 -fhex-asm -o build/crashbandicootxs/src/graphics/graphics_package_1e964.s
arm-none-eabi-as -mcpu=arm7tdmi -mthumb-interwork -I asminclude --defsym NON_MATCHING=0 -o build/crashbandicootxs/src/graphics/graphics_package_1e964.o build/crashbandicootxs/src/graphics/graphics_package_1e964.s
arm-none-eabi-cpp -I tools/agbcc/include -iquote include -nostdinc -undef src/graphics/hud_blink.c | tools/agbcc/bin/agbcc -mthumb-interwork -Wimplicit -Wparentheses -O2 -fhex-asm  -fprologue-bugfix -o build/crashbandicootxs/src/graphics/hud_blink.s
arm-none-eabi-as -mcpu=arm7tdmi -mthumb-interwork -I asminclude --defsym NON_MATCHING=0 -o build/crashbandicootxs/src/graphics/hud_blink.o build/crashbandicootxs/src/graphics/hud_blink.s
arm-none-eabi-cpp -I tools/agbcc/include -iquote include -nostdinc -undef src/graphics/hud_counter.c | tools/agbcc/bin/agbcc -mthumb-interwork -Wimplicit -Wparentheses -O2 -fhex-asm  -fprologue-bugfix -o build/crashbandicootxs/src/graphics/hud_counter.s
arm-none-eabi-as -mcpu=arm7tdmi -mthumb-interwork -I asminclude --defsym NON_MATCHING=0 -o build/crashbandicootxs/src/graphics/hud_counter.o build/crashbandicootxs/src/graphics/hud_counter.s
arm-none-eabi-cpp -I tools/agbcc/include -iquote include -nostdinc -undef src/graphics/hud_digit_array.c | tools/agbcc/bin/old_agbcc -mthumb-interwork -Wimplicit -Wparentheses -O2 -fhex-asm -o build/crashbandicootxs/src/graphics/hud_digit_array.s
arm-none-eabi-as -mcpu=arm7tdmi -mthumb-interwork -I asminclude --defsym NON_MATCHING=0 -o build/crashbandicootxs/src/graphics/hud_digit_array.o build/crashbandicootxs/src/graphics/hud_digit_array.s
arm-none-eabi-cpp -I tools/agbcc/include -iquote include -nostdinc -undef src/graphics/hud_icon_slot.c | tools/agbcc/bin/agbcc -mthumb-interwork -Wimplicit -Wparentheses -O2 -fhex-asm  -fprologue-bugfix -o build/crashbandicootxs/src/graphics/hud_icon_slot.s
arm-none-eabi-as -mcpu=arm7tdmi -mthumb-interwork -I asminclude --defsym NON_MATCHING=0 -o build/crashbandicootxs/src/graphics/hud_icon_slot.o build/crashbandicootxs/src/graphics/hud_icon_slot.s
arm-none-eabi-cpp -I tools/agbcc/include -iquote include -nostdinc -undef src/graphics/hud_icon_widget2.c | tools/agbcc/bin/agbcc -mthumb-interwork -Wimplicit -Wparentheses -O2 -fhex-asm  -fprologue-bugfix -o build/crashbandicootxs/src/graphics/hud_icon_widget2.s
arm-none-eabi-as -mcpu=arm7tdmi -mthumb-interwork -I asminclude --defsym NON_MATCHING=0 -o build/crashbandicootxs/src/graphics/hud_icon_widget2.o build/crashbandicootxs/src/graphics/hud_icon_widget2.s
arm-none-eabi-cpp -I tools/agbcc/include -iquote include -nostdinc -undef src/graphics/hud_icon_widget3.c | tools/agbcc/bin/agbcc -mthumb-interwork -Wimplicit -Wparentheses -O2 -fhex-asm  -fprologue-bugfix -o build/crashbandicootxs/src/graphics/hud_icon_widget3.s
arm-none-eabi-as -mcpu=arm7tdmi -mthumb-interwork -I asminclude --defsym NON_MATCHING=0 -o build/crashbandicootxs/src/graphics/hud_icon_widget3.o build/crashbandicootxs/src/graphics/hud_icon_widget3.s
arm-none-eabi-cpp -I tools/agbcc/include -iquote include -nostdinc -undef src/graphics/hud_icon_widget4.c | tools/agbcc/bin/agbcc -mthumb-interwork -Wimplicit -Wparentheses -O2 -fhex-asm  -fprologue-bugfix -o build/crashbandicootxs/src/graphics/hud_icon_widget4.s
arm-none-eabi-as -mcpu=arm7tdmi -mthumb-interwork -I asminclude --defsym NON_MATCHING=0 -o build/crashbandicootxs/src/graphics/hud_icon_widget4.o build/crashbandicootxs/src/graphics/hud_icon_widget4.s
arm-none-eabi-cpp -I tools/agbcc/include -iquote include -nostdinc -undef src/graphics/hud_icon_widget5.c | tools/agbcc/bin/agbcc -mthumb-interwork -Wimplicit -Wparentheses -O2 -fhex-asm  -fprologue-bugfix -o build/crashbandicootxs/src/graphics/hud_icon_widget5.s
arm-none-eabi-as -mcpu=arm7tdmi -mthumb-interwork -I asminclude --defsym NON_MATCHING=0 -o build/crashbandicootxs/src/graphics/hud_icon_widget5.o build/crashbandicootxs/src/graphics/hud_icon_widget5.s
arm-none-eabi-cpp -I tools/agbcc/include -iquote include -nostdinc -undef src/graphics/hud_icon_widget_85c4.c | tools/agbcc/bin/old_agbcc -mthumb-interwork -Wimplicit -Wparentheses -O2 -fhex-asm -o build/crashbandicootxs/src/graphics/hud_icon_widget_85c4.s
arm-none-eabi-as -mcpu=arm7tdmi -mthumb-interwork -I asminclude --defsym NON_MATCHING=0 -o build/crashbandicootxs/src/graphics/hud_icon_widget_85c4.o build/crashbandicootxs/src/graphics/hud_icon_widget_85c4.s
arm-none-eabi-cpp -I tools/agbcc/include -iquote include -nostdinc -undef src/graphics/hud_icon_widget_8890.c | tools/agbcc/bin/old_agbcc -mthumb-interwork -Wimplicit -Wparentheses -O2 -fhex-asm -o build/crashbandicootxs/src/graphics/hud_icon_widget_8890.s
arm-none-eabi-as -mcpu=arm7tdmi -mthumb-interwork -I asminclude --defsym NON_MATCHING=0 -o build/crashbandicootxs/src/graphics/hud_icon_widget_8890.o build/crashbandicootxs/src/graphics/hud_icon_widget_8890.s
arm-none-eabi-cpp -I tools/agbcc/include -iquote include -nostdinc -undef src/graphics/hud_icon_widget_8994.c | tools/agbcc/bin/old_agbcc -mthumb-interwork -Wimplicit -Wparentheses -O2 -fhex-asm -o build/crashbandicootxs/src/graphics/hud_icon_widget_8994.s
arm-none-eabi-as -mcpu=arm7tdmi -mthumb-interwork -I asminclude --defsym NON_MATCHING=0 -o build/crashbandicootxs/src/graphics/hud_icon_widget_8994.o build/crashbandicootxs/src/graphics/hud_icon_widget_8994.s
arm-none-eabi-cpp -I tools/agbcc/include -iquote include -nostdinc -undef src/graphics/hud_icon_widget_8a78.c | tools/agbcc/bin/agbcc -mthumb-interwork -Wimplicit -Wparentheses -O2 -fhex-asm  -fprologue-bugfix -o build/crashbandicootxs/src/graphics/hud_icon_widget_8a78.s
arm-none-eabi-as -mcpu=arm7tdmi -mthumb-interwork -I asminclude --defsym NON_MATCHING=0 -o build/crashbandicootxs/src/graphics/hud_icon_widget_8a78.o build/crashbandicootxs/src/graphics/hud_icon_widget_8a78.s
arm-none-eabi-cpp -I tools/agbcc/include -iquote include -nostdinc -undef src/graphics/hud_icon_widget.c | tools/agbcc/bin/agbcc -mthumb-interwork -Wimplicit -Wparentheses -O2 -fhex-asm  -fprologue-bugfix -o build/crashbandicootxs/src/graphics/hud_icon_widget.s
arm-none-eabi-as -mcpu=arm7tdmi -mthumb-interwork -I asminclude --defsym NON_MATCHING=0 -o build/crashbandicootxs/src/graphics/hud_icon_widget.o build/crashbandicootxs/src/graphics/hud_icon_widget.s
arm-none-eabi-cpp -I tools/agbcc/include -iquote include -nostdinc -undef src/graphics/hud_stat_widget2.c | tools/agbcc/bin/agbcc -mthumb-interwork -Wimplicit -Wparentheses -O2 -fhex-asm  -fprologue-bugfix -o build/crashbandicootxs/src/graphics/hud_stat_widget2.s
arm-none-eabi-as -mcpu=arm7tdmi -mthumb-interwork -I asminclude --defsym NON_MATCHING=0 -o build/crashbandicootxs/src/graphics/hud_stat_widget2.o build/crashbandicootxs/src/graphics/hud_stat_widget2.s
arm-none-eabi-cpp -I tools/agbcc/include -iquote include -nostdinc -undef src/graphics/hud_stat_widget3.c | tools/agbcc/bin/agbcc -mthumb-interwork -Wimplicit -Wparentheses -O2 -fhex-asm  -fprologue-bugfix -o build/crashbandicootxs/src/graphics/hud_stat_widget3.s
arm-none-eabi-as -mcpu=arm7tdmi -mthumb-interwork -I asminclude --defsym NON_MATCHING=0 -o build/crashbandicootxs/src/graphics/hud_stat_widget3.o build/crashbandicootxs/src/graphics/hud_stat_widget3.s
arm-none-eabi-cpp -I tools/agbcc/include -iquote include -nostdinc -undef src/graphics/hud_stat_widget.c | tools/agbcc/bin/agbcc -mthumb-interwork -Wimplicit -Wparentheses -O2 -fhex-asm  -fprologue-bugfix -o build/crashbandicootxs/src/graphics/hud_stat_widget.s
arm-none-eabi-as -mcpu=arm7tdmi -mthumb-interwork -I asminclude --defsym NON_MATCHING=0 -o build/crashbandicootxs/src/graphics/hud_stat_widget.o build/crashbandicootxs/src/graphics/hud_stat_widget.s
arm-none-eabi-cpp -I tools/agbcc/include -iquote include -nostdinc -undef src/graphics/intro_screen.c | tools/agbcc/bin/agbcc -mthumb-interwork -Wimplicit -Wparentheses -O2 -fhex-asm  -fprologue-bugfix -o build/crashbandicootxs/src/graphics/intro_screen.s
arm-none-eabi-as -mcpu=arm7tdmi -mthumb-interwork -I asminclude --defsym NON_MATCHING=0 -o build/crashbandicootxs/src/graphics/intro_screen.o build/crashbandicootxs/src/graphics/intro_screen.s
arm-none-eabi-cpp -I tools/agbcc/include -iquote include -nostdinc -undef src/graphics/level_graphics.c | tools/agbcc/bin/old_agbcc -mthumb-interwork -Wimplicit -Wparentheses -O2 -fhex-asm -o build/crashbandicootxs/src/graphics/level_graphics.s
arm-none-eabi-as -mcpu=arm7tdmi -mthumb-interwork -I asminclude --defsym NON_MATCHING=0 -o build/crashbandicootxs/src/graphics/level_graphics.o build/crashbandicootxs/src/graphics/level_graphics.s
arm-none-eabi-cpp -I tools/agbcc/include -iquote include -nostdinc -undef src/graphics/oam_count.c | tools/agbcc/bin/agbcc -mthumb-interwork -Wimplicit -Wparentheses -O2 -fhex-asm  -fprologue-bugfix -o build/crashbandicootxs/src/graphics/oam_count.s
arm-none-eabi-as -mcpu=arm7tdmi -mthumb-interwork -I asminclude --defsym NON_MATCHING=0 -o build/crashbandicootxs/src/graphics/oam_count.o build/crashbandicootxs/src/graphics/oam_count.s
arm-none-eabi-cpp -I tools/agbcc/include -iquote include -nostdinc -undef src/graphics/palette_blend.c | tools/agbcc/bin/agbcc -mthumb-interwork -Wimplicit -Wparentheses -O2 -fhex-asm  -fprologue-bugfix -o build/crashbandicootxs/src/graphics/palette_blend.s
arm-none-eabi-as -mcpu=arm7tdmi -mthumb-interwork -I asminclude --defsym NON_MATCHING=0 -o build/crashbandicootxs/src/graphics/palette_blend.o build/crashbandicootxs/src/graphics/palette_blend.s
arm-none-eabi-cpp -I tools/agbcc/include -iquote include -nostdinc -undef src/graphics/settings_menu10.c | tools/agbcc/bin/old_agbcc -mthumb-interwork -Wimplicit -Wparentheses -O2 -fhex-asm -o build/crashbandicootxs/src/graphics/settings_menu10.s
arm-none-eabi-as -mcpu=arm7tdmi -mthumb-interwork -I asminclude --defsym NON_MATCHING=0 -o build/crashbandicootxs/src/graphics/settings_menu10.o build/crashbandicootxs/src/graphics/settings_menu10.s
arm-none-eabi-cpp -I tools/agbcc/include -iquote include -nostdinc -undef src/graphics/settings_menu11.c | tools/agbcc/bin/agbcc -mthumb-interwork -Wimplicit -Wparentheses -O2 -fhex-asm  -fprologue-bugfix -o build/crashbandicootxs/src/graphics/settings_menu11.s
arm-none-eabi-as -mcpu=arm7tdmi -mthumb-interwork -I asminclude --defsym NON_MATCHING=0 -o build/crashbandicootxs/src/graphics/settings_menu11.o build/crashbandicootxs/src/graphics/settings_menu11.s
arm-none-eabi-cpp -I tools/agbcc/include -iquote include -nostdinc -undef src/graphics/settings_menu12.c | tools/agbcc/bin/agbcc -mthumb-interwork -Wimplicit -Wparentheses -O2 -fhex-asm  -fprologue-bugfix -o build/crashbandicootxs/src/graphics/settings_menu12.s
arm-none-eabi-as -mcpu=arm7tdmi -mthumb-interwork -I asminclude --defsym NON_MATCHING=0 -o build/crashbandicootxs/src/graphics/settings_menu12.o build/crashbandicootxs/src/graphics/settings_menu12.s
arm-none-eabi-cpp -I tools/agbcc/include -iquote include -nostdinc -undef src/graphics/settings_menu13.c | tools/agbcc/bin/agbcc -mthumb-interwork -Wimplicit -Wparentheses -O2 -fhex-asm  -fprologue-bugfix -o build/crashbandicootxs/src/graphics/settings_menu13.s
arm-none-eabi-as -mcpu=arm7tdmi -mthumb-interwork -I asminclude --defsym NON_MATCHING=0 -o build/crashbandicootxs/src/graphics/settings_menu13.o build/crashbandicootxs/src/graphics/settings_menu13.s
arm-none-eabi-cpp -I tools/agbcc/include -iquote include -nostdinc -undef src/graphics/settings_menu14.c | tools/agbcc/bin/agbcc -mthumb-interwork -Wimplicit -Wparentheses -O2 -fhex-asm  -fprologue-bugfix -o build/crashbandicootxs/src/graphics/settings_menu14.s
arm-none-eabi-as -mcpu=arm7tdmi -mthumb-interwork -I asminclude --defsym NON_MATCHING=0 -o build/crashbandicootxs/src/graphics/settings_menu14.o build/crashbandicootxs/src/graphics/settings_menu14.s
arm-none-eabi-cpp -I tools/agbcc/include -iquote include -nostdinc -undef src/graphics/settings_menu15.c | tools/agbcc/bin/agbcc -mthumb-interwork -Wimplicit -Wparentheses -O2 -fhex-asm  -fprologue-bugfix -o build/crashbandicootxs/src/graphics/settings_menu15.s
arm-none-eabi-as -mcpu=arm7tdmi -mthumb-interwork -I asminclude --defsym NON_MATCHING=0 -o build/crashbandicootxs/src/graphics/settings_menu15.o build/crashbandicootxs/src/graphics/settings_menu15.s
arm-none-eabi-cpp -I tools/agbcc/include -iquote include -nostdinc -undef src/graphics/settings_menu16.c | tools/agbcc/bin/agbcc -mthumb-interwork -Wimplicit -Wparentheses -O2 -fhex-asm  -fprologue-bugfix -o build/crashbandicootxs/src/graphics/settings_menu16.s
arm-none-eabi-as -mcpu=arm7tdmi -mthumb-interwork -I asminclude --defsym NON_MATCHING=0 -o build/crashbandicootxs/src/graphics/settings_menu16.o build/crashbandicootxs/src/graphics/settings_menu16.s
arm-none-eabi-cpp -I tools/agbcc/include -iquote include -nostdinc -undef src/graphics/settings_menu17.c | tools/agbcc/bin/agbcc -mthumb-interwork -Wimplicit -Wparentheses -O2 -fhex-asm  -fprologue-bugfix -o build/crashbandicootxs/src/graphics/settings_menu17.s
arm-none-eabi-as -mcpu=arm7tdmi -mthumb-interwork -I asminclude --defsym NON_MATCHING=0 -o build/crashbandicootxs/src/graphics/settings_menu17.o build/crashbandicootxs/src/graphics/settings_menu17.s
arm-none-eabi-cpp -I tools/agbcc/include -iquote include -nostdinc -undef src/graphics/settings_menu18.c | tools/agbcc/bin/agbcc -mthumb-interwork -Wimplicit -Wparentheses -O2 -fhex-asm  -fprologue-bugfix -o build/crashbandicootxs/src/graphics/settings_menu18.s
arm-none-eabi-as -mcpu=arm7tdmi -mthumb-interwork -I asminclude --defsym NON_MATCHING=0 -o build/crashbandicootxs/src/graphics/settings_menu18.o build/crashbandicootxs/src/graphics/settings_menu18.s
arm-none-eabi-cpp -I tools/agbcc/include -iquote include -nostdinc -undef src/graphics/settings_menu19.c | tools/agbcc/bin/agbcc -mthumb-interwork -Wimplicit -Wparentheses -O2 -fhex-asm  -fprologue-bugfix -o build/crashbandicootxs/src/graphics/settings_menu19.s
arm-none-eabi-as -mcpu=arm7tdmi -mthumb-interwork -I asminclude --defsym NON_MATCHING=0 -o build/crashbandicootxs/src/graphics/settings_menu19.o build/crashbandicootxs/src/graphics/settings_menu19.s
arm-none-eabi-cpp -I tools/agbcc/include -iquote include -nostdinc -undef src/graphics/settings_menu20.c | tools/agbcc/bin/agbcc -mthumb-interwork -Wimplicit -Wparentheses -O2 -fhex-asm  -fprologue-bugfix -o build/crashbandicootxs/src/graphics/settings_menu20.s
arm-none-eabi-as -mcpu=arm7tdmi -mthumb-interwork -I asminclude --defsym NON_MATCHING=0 -o build/crashbandicootxs/src/graphics/settings_menu20.o build/crashbandicootxs/src/graphics/settings_menu20.s
arm-none-eabi-cpp -I tools/agbcc/include -iquote include -nostdinc -undef src/graphics/settings_menu21.c | tools/agbcc/bin/agbcc -mthumb-interwork -Wimplicit -Wparentheses -O2 -fhex-asm  -fprologue-bugfix -o build/crashbandicootxs/src/graphics/settings_menu21.s
arm-none-eabi-as -mcpu=arm7tdmi -mthumb-interwork -I asminclude --defsym NON_MATCHING=0 -o build/crashbandicootxs/src/graphics/settings_menu21.o build/crashbandicootxs/src/graphics/settings_menu21.s
arm-none-eabi-cpp -I tools/agbcc/include -iquote include -nostdinc -undef src/graphics/settings_menu22.c | tools/agbcc/bin/old_agbcc -mthumb-interwork -Wimplicit -Wparentheses -O2 -fhex-asm -o build/crashbandicootxs/src/graphics/settings_menu22.s
arm-none-eabi-as -mcpu=arm7tdmi -mthumb-interwork -I asminclude --defsym NON_MATCHING=0 -o build/crashbandicootxs/src/graphics/settings_menu22.o build/crashbandicootxs/src/graphics/settings_menu22.s
arm-none-eabi-cpp -I tools/agbcc/include -iquote include -nostdinc -undef src/graphics/settings_menu23.c | tools/agbcc/bin/agbcc -mthumb-interwork -Wimplicit -Wparentheses -O2 -fhex-asm  -fprologue-bugfix -o build/crashbandicootxs/src/graphics/settings_menu23.s
arm-none-eabi-as -mcpu=arm7tdmi -mthumb-interwork -I asminclude --defsym NON_MATCHING=0 -o build/crashbandicootxs/src/graphics/settings_menu23.o build/crashbandicootxs/src/graphics/settings_menu23.s
arm-none-eabi-cpp -I tools/agbcc/include -iquote include -nostdinc -undef src/graphics/settings_menu2.c | tools/agbcc/bin/agbcc -mthumb-interwork -Wimplicit -Wparentheses -O2 -fhex-asm  -fprologue-bugfix -o build/crashbandicootxs/src/graphics/settings_menu2.s
arm-none-eabi-as -mcpu=arm7tdmi -mthumb-interwork -I asminclude --defsym NON_MATCHING=0 -o build/crashbandicootxs/src/graphics/settings_menu2.o build/crashbandicootxs/src/graphics/settings_menu2.s
arm-none-eabi-cpp -I tools/agbcc/include -iquote include -nostdinc -undef src/graphics/settings_menu3.c | tools/agbcc/bin/agbcc -mthumb-interwork -Wimplicit -Wparentheses -O2 -fhex-asm  -fprologue-bugfix -o build/crashbandicootxs/src/graphics/settings_menu3.s
arm-none-eabi-as -mcpu=arm7tdmi -mthumb-interwork -I asminclude --defsym NON_MATCHING=0 -o build/crashbandicootxs/src/graphics/settings_menu3.o build/crashbandicootxs/src/graphics/settings_menu3.s
arm-none-eabi-cpp -I tools/agbcc/include -iquote include -nostdinc -undef src/graphics/settings_menu4.c | tools/agbcc/bin/agbcc -mthumb-interwork -Wimplicit -Wparentheses -O2 -fhex-asm  -fprologue-bugfix -o build/crashbandicootxs/src/graphics/settings_menu4.s
arm-none-eabi-as -mcpu=arm7tdmi -mthumb-interwork -I asminclude --defsym NON_MATCHING=0 -o build/crashbandicootxs/src/graphics/settings_menu4.o build/crashbandicootxs/src/graphics/settings_menu4.s
arm-none-eabi-cpp -I tools/agbcc/include -iquote include -nostdinc -undef src/graphics/settings_menu5.c | tools/agbcc/bin/agbcc -mthumb-interwork -Wimplicit -Wparentheses -O2 -fhex-asm  -fprologue-bugfix -o build/crashbandicootxs/src/graphics/settings_menu5.s
arm-none-eabi-as -mcpu=arm7tdmi -mthumb-interwork -I asminclude --defsym NON_MATCHING=0 -o build/crashbandicootxs/src/graphics/settings_menu5.o build/crashbandicootxs/src/graphics/settings_menu5.s
arm-none-eabi-cpp -I tools/agbcc/include -iquote include -nostdinc -undef src/graphics/settings_menu6.c | tools/agbcc/bin/old_agbcc -mthumb-interwork -Wimplicit -Wparentheses -O2 -fhex-asm -o build/crashbandicootxs/src/graphics/settings_menu6.s
arm-none-eabi-as -mcpu=arm7tdmi -mthumb-interwork -I asminclude --defsym NON_MATCHING=0 -o build/crashbandicootxs/src/graphics/settings_menu6.o build/crashbandicootxs/src/graphics/settings_menu6.s
arm-none-eabi-cpp -I tools/agbcc/include -iquote include -nostdinc -undef src/graphics/settings_menu7.c | tools/agbcc/bin/agbcc -mthumb-interwork -Wimplicit -Wparentheses -O2 -fhex-asm  -fprologue-bugfix -o build/crashbandicootxs/src/graphics/settings_menu7.s
arm-none-eabi-as -mcpu=arm7tdmi -mthumb-interwork -I asminclude --defsym NON_MATCHING=0 -o build/crashbandicootxs/src/graphics/settings_menu7.o build/crashbandicootxs/src/graphics/settings_menu7.s
arm-none-eabi-cpp -I tools/agbcc/include -iquote include -nostdinc -undef src/graphics/settings_menu8a2.c | tools/agbcc/bin/agbcc -mthumb-interwork -Wimplicit -Wparentheses -O2 -fhex-asm  -fprologue-bugfix -o build/crashbandicootxs/src/graphics/settings_menu8a2.s
arm-none-eabi-as -mcpu=arm7tdmi -mthumb-interwork -I asminclude --defsym NON_MATCHING=0 -o build/crashbandicootxs/src/graphics/settings_menu8a2.o build/crashbandicootxs/src/graphics/settings_menu8a2.s
arm-none-eabi-cpp -I tools/agbcc/include -iquote include -nostdinc -undef src/graphics/settings_menu8a3.c | tools/agbcc/bin/agbcc -mthumb-interwork -Wimplicit -Wparentheses -O2 -fhex-asm  -fprologue-bugfix -o build/crashbandicootxs/src/graphics/settings_menu8a3.s
arm-none-eabi-as -mcpu=arm7tdmi -mthumb-interwork -I asminclude --defsym NON_MATCHING=0 -o build/crashbandicootxs/src/graphics/settings_menu8a3.o build/crashbandicootxs/src/graphics/settings_menu8a3.s
arm-none-eabi-cpp -I tools/agbcc/include -iquote include -nostdinc -undef src/graphics/settings_menu8b.c | tools/agbcc/bin/agbcc -mthumb-interwork -Wimplicit -Wparentheses -O2 -fhex-asm  -fprologue-bugfix -o build/crashbandicootxs/src/graphics/settings_menu8b.s
arm-none-eabi-as -mcpu=arm7tdmi -mthumb-interwork -I asminclude --defsym NON_MATCHING=0 -o build/crashbandicootxs/src/graphics/settings_menu8b.o build/crashbandicootxs/src/graphics/settings_menu8b.s
arm-none-eabi-cpp -I tools/agbcc/include -iquote include -nostdinc -undef src/graphics/settings_menu8.c | tools/agbcc/bin/agbcc -mthumb-interwork -Wimplicit -Wparentheses -O2 -fhex-asm  -fprologue-bugfix -o build/crashbandicootxs/src/graphics/settings_menu8.s
arm-none-eabi-as -mcpu=arm7tdmi -mthumb-interwork -I asminclude --defsym NON_MATCHING=0 -o build/crashbandicootxs/src/graphics/settings_menu8.o build/crashbandicootxs/src/graphics/settings_menu8.s
arm-none-eabi-cpp -I tools/agbcc/include -iquote include -nostdinc -undef src/graphics/settings_menu8c.c | tools/agbcc/bin/agbcc -mthumb-interwork -Wimplicit -Wparentheses -O2 -fhex-asm  -fprologue-bugfix -o build/crashbandicootxs/src/graphics/settings_menu8c.s
arm-none-eabi-as -mcpu=arm7tdmi -mthumb-interwork -I asminclude --defsym NON_MATCHING=0 -o build/crashbandicootxs/src/graphics/settings_menu8c.o build/crashbandicootxs/src/graphics/settings_menu8c.s
arm-none-eabi-cpp -I tools/agbcc/include -iquote include -nostdinc -undef src/graphics/settings_menu8d.c | tools/agbcc/bin/agbcc -mthumb-interwork -Wimplicit -Wparentheses -O2 -fhex-asm  -fprologue-bugfix -o build/crashbandicootxs/src/graphics/settings_menu8d.s
arm-none-eabi-as -mcpu=arm7tdmi -mthumb-interwork -I asminclude --defsym NON_MATCHING=0 -o build/crashbandicootxs/src/graphics/settings_menu8d.o build/crashbandicootxs/src/graphics/settings_menu8d.s
arm-none-eabi-cpp -I tools/agbcc/include -iquote include -nostdinc -undef src/graphics/settings_menu8e.c | tools/agbcc/bin/agbcc -mthumb-interwork -Wimplicit -Wparentheses -O2 -fhex-asm  -fprologue-bugfix -o build/crashbandicootxs/src/graphics/settings_menu8e.s
arm-none-eabi-as -mcpu=arm7tdmi -mthumb-interwork -I asminclude --defsym NON_MATCHING=0 -o build/crashbandicootxs/src/graphics/settings_menu8e.o build/crashbandicootxs/src/graphics/settings_menu8e.s
arm-none-eabi-cpp -I tools/agbcc/include -iquote include -nostdinc -undef src/graphics/settings_menu9.c | tools/agbcc/bin/agbcc -mthumb-interwork -Wimplicit -Wparentheses -O2 -fhex-asm  -fprologue-bugfix -o build/crashbandicootxs/src/graphics/settings_menu9.s
arm-none-eabi-as -mcpu=arm7tdmi -mthumb-interwork -I asminclude --defsym NON_MATCHING=0 -o build/crashbandicootxs/src/graphics/settings_menu9.o build/crashbandicootxs/src/graphics/settings_menu9.s
arm-none-eabi-cpp -I tools/agbcc/include -iquote include -nostdinc -undef src/graphics/settings_menu.c | tools/agbcc/bin/old_agbcc -mthumb-interwork -Wimplicit -Wparentheses -O2 -fhex-asm -o build/crashbandicootxs/src/graphics/settings_menu.s
arm-none-eabi-as -mcpu=arm7tdmi -mthumb-interwork -I asminclude --defsym NON_MATCHING=0 -o build/crashbandicootxs/src/graphics/settings_menu.o build/crashbandicootxs/src/graphics/settings_menu.s
arm-none-eabi-cpp -I tools/agbcc/include -iquote include -nostdinc -undef src/graphics/sprite_frame_pool.c | tools/agbcc/bin/agbcc -mthumb-interwork -Wimplicit -Wparentheses -O2 -fhex-asm  -fprologue-bugfix -o build/crashbandicootxs/src/graphics/sprite_frame_pool.s
src/graphics/sprite_frame_pool.c: In function `InitObjTileFreeList':
src/graphics/sprite_frame_pool.c:76: warning: assignment makes integer from pointer without a cast
src/graphics/sprite_frame_pool.c:78: warning: assignment makes integer from pointer without a cast
arm-none-eabi-as -mcpu=arm7tdmi -mthumb-interwork -I asminclude --defsym NON_MATCHING=0 -o build/crashbandicootxs/src/graphics/sprite_frame_pool.o build/crashbandicootxs/src/graphics/sprite_frame_pool.s
arm-none-eabi-cpp -I tools/agbcc/include -iquote include -nostdinc -undef src/graphics/sprite_frame_queue.c | tools/agbcc/bin/agbcc -mthumb-interwork -Wimplicit -Wparentheses -O2 -fhex-asm  -fprologue-bugfix -o build/crashbandicootxs/src/graphics/sprite_frame_queue.s
src/graphics/sprite_frame_queue.c: In function `InitSpriteFrameOamQueue':
src/graphics/sprite_frame_queue.c:374: warning: assignment makes integer from pointer without a cast
src/graphics/sprite_frame_queue.c:375: warning: assignment makes integer from pointer without a cast
arm-none-eabi-as -mcpu=arm7tdmi -mthumb-interwork -I asminclude --defsym NON_MATCHING=0 -o build/crashbandicootxs/src/graphics/sprite_frame_queue.o build/crashbandicootxs/src/graphics/sprite_frame_queue.s
arm-none-eabi-cpp -I tools/agbcc/include -iquote include -nostdinc -undef src/graphics/text_layout.c | tools/agbcc/bin/agbcc -mthumb-interwork -Wimplicit -Wparentheses -O2 -fhex-asm  -fprologue-bugfix -o build/crashbandicootxs/src/graphics/text_layout.s
arm-none-eabi-as -mcpu=arm7tdmi -mthumb-interwork -I asminclude --defsym NON_MATCHING=0 -o build/crashbandicootxs/src/graphics/text_layout.o build/crashbandicootxs/src/graphics/text_layout.s
arm-none-eabi-cpp -I tools/agbcc/include -iquote include -nostdinc -undef src/graphics/trigger_effect.c | tools/agbcc/bin/old_agbcc -mthumb-interwork -Wimplicit -Wparentheses -O2 -fhex-asm -o build/crashbandicootxs/src/graphics/trigger_effect.s
arm-none-eabi-as -mcpu=arm7tdmi -mthumb-interwork -I asminclude --defsym NON_MATCHING=0 -o build/crashbandicootxs/src/graphics/trigger_effect.o build/crashbandicootxs/src/graphics/trigger_effect.s
arm-none-eabi-cpp -I tools/agbcc/include -iquote include -nostdinc -undef src/system/asset_util.c | tools/agbcc/bin/agbcc -mthumb-interwork -Wimplicit -Wparentheses -O2 -fhex-asm  -fprologue-bugfix -o build/crashbandicootxs/src/system/asset_util.s
arm-none-eabi-as -mcpu=arm7tdmi -mthumb-interwork -I asminclude --defsym NON_MATCHING=0 -o build/crashbandicootxs/src/system/asset_util.o build/crashbandicootxs/src/system/asset_util.s
arm-none-eabi-cpp -I tools/agbcc/include -iquote include -nostdinc -undef src/system/bg_scroll_layer_25fc8.c | tools/agbcc/bin/old_agbcc -mthumb-interwork -Wimplicit -Wparentheses -O2 -fhex-asm -o build/crashbandicootxs/src/system/bg_scroll_layer_25fc8.s
arm-none-eabi-as -mcpu=arm7tdmi -mthumb-interwork -I asminclude --defsym NON_MATCHING=0 -o build/crashbandicootxs/src/system/bg_scroll_layer_25fc8.o build/crashbandicootxs/src/system/bg_scroll_layer_25fc8.s
arm-none-eabi-cpp -I tools/agbcc/include -iquote include -nostdinc -undef src/system/boot_util.c | tools/agbcc/bin/agbcc -mthumb-interwork -Wimplicit -Wparentheses -O2 -fhex-asm  -fprologue-bugfix -o build/crashbandicootxs/src/system/boot_util.s
arm-none-eabi-as -mcpu=arm7tdmi -mthumb-interwork -I asminclude --defsym NON_MATCHING=0 -o build/crashbandicootxs/src/system/boot_util.o build/crashbandicootxs/src/system/boot_util.s
arm-none-eabi-cpp -I tools/agbcc/include -iquote include -nostdinc -undef src/system/camera_follow.c | tools/agbcc/bin/agbcc -mthumb-interwork -Wimplicit -Wparentheses -O2 -fhex-asm  -fprologue-bugfix -o build/crashbandicootxs/src/system/camera_follow.s
arm-none-eabi-as -mcpu=arm7tdmi -mthumb-interwork -I asminclude --defsym NON_MATCHING=0 -o build/crashbandicootxs/src/system/camera_follow.o build/crashbandicootxs/src/system/camera_follow.s
arm-none-eabi-cpp -I tools/agbcc/include -iquote include -nostdinc -undef src/system/eeprom_util.c | tools/agbcc/bin/agbcc -mthumb-interwork -Wimplicit -Wparentheses -O2 -fhex-asm  -fprologue-bugfix -o build/crashbandicootxs/src/system/eeprom_util.s
arm-none-eabi-as -mcpu=arm7tdmi -mthumb-interwork -I asminclude --defsym NON_MATCHING=0 -o build/crashbandicootxs/src/system/eeprom_util.o build/crashbandicootxs/src/system/eeprom_util.s
arm-none-eabi-cpp -I tools/agbcc/include -iquote include -nostdinc -undef src/system/eeprom_verify.c | tools/agbcc/bin/agbcc -mthumb-interwork -Wimplicit -Wparentheses -O2 -fhex-asm  -fprologue-bugfix -o build/crashbandicootxs/src/system/eeprom_verify.s
arm-none-eabi-as -mcpu=arm7tdmi -mthumb-interwork -I asminclude --defsym NON_MATCHING=0 -o build/crashbandicootxs/src/system/eeprom_verify.o build/crashbandicootxs/src/system/eeprom_verify.s
arm-none-eabi-cpp -I tools/agbcc/include -iquote include -nostdinc -undef src/system/game_loop10.c | tools/agbcc/bin/agbcc -mthumb-interwork -Wimplicit -Wparentheses -O2 -fhex-asm  -fprologue-bugfix -o build/crashbandicootxs/src/system/game_loop10.s
src/system/game_loop10.c:23: warning: `struct AudioContext' declared inside parameter list
src/system/game_loop10.c:23: warning: its scope is only this definition or declaration,
src/system/game_loop10.c:23: warning: which is probably not what you want.
arm-none-eabi-as -mcpu=arm7tdmi -mthumb-interwork -I asminclude --defsym NON_MATCHING=0 -o build/crashbandicootxs/src/system/game_loop10.o build/crashbandicootxs/src/system/game_loop10.s
arm-none-eabi-cpp -I tools/agbcc/include -iquote include -nostdinc -undef src/system/game_loop11.c | tools/agbcc/bin/agbcc -mthumb-interwork -Wimplicit -Wparentheses -O2 -fhex-asm  -fprologue-bugfix -o build/crashbandicootxs/src/system/game_loop11.s
arm-none-eabi-as -mcpu=arm7tdmi -mthumb-interwork -I asminclude --defsym NON_MATCHING=0 -o build/crashbandicootxs/src/system/game_loop11.o build/crashbandicootxs/src/system/game_loop11.s
arm-none-eabi-cpp -I tools/agbcc/include -iquote include -nostdinc -undef src/system/game_loop12.c | tools/agbcc/bin/agbcc -mthumb-interwork -Wimplicit -Wparentheses -O2 -fhex-asm  -fprologue-bugfix -o build/crashbandicootxs/src/system/game_loop12.s
arm-none-eabi-as -mcpu=arm7tdmi -mthumb-interwork -I asminclude --defsym NON_MATCHING=0 -o build/crashbandicootxs/src/system/game_loop12.o build/crashbandicootxs/src/system/game_loop12.s
arm-none-eabi-cpp -I tools/agbcc/include -iquote include -nostdinc -undef src/system/game_loop13.c | tools/agbcc/bin/agbcc -mthumb-interwork -Wimplicit -Wparentheses -O2 -fhex-asm  -fprologue-bugfix -o build/crashbandicootxs/src/system/game_loop13.s
arm-none-eabi-as -mcpu=arm7tdmi -mthumb-interwork -I asminclude --defsym NON_MATCHING=0 -o build/crashbandicootxs/src/system/game_loop13.o build/crashbandicootxs/src/system/game_loop13.s
arm-none-eabi-cpp -I tools/agbcc/include -iquote include -nostdinc -undef src/system/game_loop14.c | tools/agbcc/bin/old_agbcc -mthumb-interwork -Wimplicit -Wparentheses -O2 -fhex-asm -o build/crashbandicootxs/src/system/game_loop14.s
arm-none-eabi-as -mcpu=arm7tdmi -mthumb-interwork -I asminclude --defsym NON_MATCHING=0 -o build/crashbandicootxs/src/system/game_loop14.o build/crashbandicootxs/src/system/game_loop14.s
arm-none-eabi-cpp -I tools/agbcc/include -iquote include -nostdinc -undef src/system/game_loop15.c | tools/agbcc/bin/agbcc -mthumb-interwork -Wimplicit -Wparentheses -O2 -fhex-asm  -fprologue-bugfix -o build/crashbandicootxs/src/system/game_loop15.s
arm-none-eabi-as -mcpu=arm7tdmi -mthumb-interwork -I asminclude --defsym NON_MATCHING=0 -o build/crashbandicootxs/src/system/game_loop15.o build/crashbandicootxs/src/system/game_loop15.s
arm-none-eabi-cpp -I tools/agbcc/include -iquote include -nostdinc -undef src/system/game_loop16.c | tools/agbcc/bin/old_agbcc -mthumb-interwork -Wimplicit -Wparentheses -O2 -fhex-asm -o build/crashbandicootxs/src/system/game_loop16.s
arm-none-eabi-as -mcpu=arm7tdmi -mthumb-interwork -I asminclude --defsym NON_MATCHING=0 -o build/crashbandicootxs/src/system/game_loop16.o build/crashbandicootxs/src/system/game_loop16.s
arm-none-eabi-cpp -I tools/agbcc/include -iquote include -nostdinc -undef src/system/game_loop17.c | tools/agbcc/bin/agbcc -mthumb-interwork -Wimplicit -Wparentheses -O2 -fhex-asm  -fprologue-bugfix -o build/crashbandicootxs/src/system/game_loop17.s
arm-none-eabi-as -mcpu=arm7tdmi -mthumb-interwork -I asminclude --defsym NON_MATCHING=0 -o build/crashbandicootxs/src/system/game_loop17.o build/crashbandicootxs/src/system/game_loop17.s
arm-none-eabi-cpp -I tools/agbcc/include -iquote include -nostdinc -undef src/system/game_loop18.c | tools/agbcc/bin/agbcc -mthumb-interwork -Wimplicit -Wparentheses -O2 -fhex-asm  -fprologue-bugfix -o build/crashbandicootxs/src/system/game_loop18.s
arm-none-eabi-as -mcpu=arm7tdmi -mthumb-interwork -I asminclude --defsym NON_MATCHING=0 -o build/crashbandicootxs/src/system/game_loop18.o build/crashbandicootxs/src/system/game_loop18.s
arm-none-eabi-cpp -I tools/agbcc/include -iquote include -nostdinc -undef src/system/game_loop19.c | tools/agbcc/bin/agbcc -mthumb-interwork -Wimplicit -Wparentheses -O2 -fhex-asm  -fprologue-bugfix -o build/crashbandicootxs/src/system/game_loop19.s
arm-none-eabi-as -mcpu=arm7tdmi -mthumb-interwork -I asminclude --defsym NON_MATCHING=0 -o build/crashbandicootxs/src/system/game_loop19.o build/crashbandicootxs/src/system/game_loop19.s
arm-none-eabi-cpp -I tools/agbcc/include -iquote include -nostdinc -undef src/system/game_loop20.c | tools/agbcc/bin/agbcc -mthumb-interwork -Wimplicit -Wparentheses -O2 -fhex-asm  -fprologue-bugfix -o build/crashbandicootxs/src/system/game_loop20.s
arm-none-eabi-as -mcpu=arm7tdmi -mthumb-interwork -I asminclude --defsym NON_MATCHING=0 -o build/crashbandicootxs/src/system/game_loop20.o build/crashbandicootxs/src/system/game_loop20.s
arm-none-eabi-cpp -I tools/agbcc/include -iquote include -nostdinc -undef src/system/game_loop22.c | tools/agbcc/bin/agbcc -mthumb-interwork -Wimplicit -Wparentheses -O2 -fhex-asm  -fprologue-bugfix -o build/crashbandicootxs/src/system/game_loop22.s
arm-none-eabi-as -mcpu=arm7tdmi -mthumb-interwork -I asminclude --defsym NON_MATCHING=0 -o build/crashbandicootxs/src/system/game_loop22.o build/crashbandicootxs/src/system/game_loop22.s
arm-none-eabi-cpp -I tools/agbcc/include -iquote include -nostdinc -undef src/system/game_loop23.c | tools/agbcc/bin/agbcc -mthumb-interwork -Wimplicit -Wparentheses -O2 -fhex-asm  -fprologue-bugfix -o build/crashbandicootxs/src/system/game_loop23.s
arm-none-eabi-as -mcpu=arm7tdmi -mthumb-interwork -I asminclude --defsym NON_MATCHING=0 -o build/crashbandicootxs/src/system/game_loop23.o build/crashbandicootxs/src/system/game_loop23.s
arm-none-eabi-cpp -I tools/agbcc/include -iquote include -nostdinc -undef src/system/game_loop24.c | tools/agbcc/bin/agbcc -mthumb-interwork -Wimplicit -Wparentheses -O2 -fhex-asm  -fprologue-bugfix -o build/crashbandicootxs/src/system/game_loop24.s
arm-none-eabi-as -mcpu=arm7tdmi -mthumb-interwork -I asminclude --defsym NON_MATCHING=0 -o build/crashbandicootxs/src/system/game_loop24.o build/crashbandicootxs/src/system/game_loop24.s
arm-none-eabi-cpp -I tools/agbcc/include -iquote include -nostdinc -undef src/system/game_loop25.c | tools/agbcc/bin/agbcc -mthumb-interwork -Wimplicit -Wparentheses -O2 -fhex-asm  -fprologue-bugfix -o build/crashbandicootxs/src/system/game_loop25.s
arm-none-eabi-as -mcpu=arm7tdmi -mthumb-interwork -I asminclude --defsym NON_MATCHING=0 -o build/crashbandicootxs/src/system/game_loop25.o build/crashbandicootxs/src/system/game_loop25.s
arm-none-eabi-cpp -I tools/agbcc/include -iquote include -nostdinc -undef src/system/game_loop26.c | tools/agbcc/bin/agbcc -mthumb-interwork -Wimplicit -Wparentheses -O2 -fhex-asm  -fprologue-bugfix -o build/crashbandicootxs/src/system/game_loop26.s
arm-none-eabi-as -mcpu=arm7tdmi -mthumb-interwork -I asminclude --defsym NON_MATCHING=0 -o build/crashbandicootxs/src/system/game_loop26.o build/crashbandicootxs/src/system/game_loop26.s
arm-none-eabi-cpp -I tools/agbcc/include -iquote include -nostdinc -undef src/system/game_loop27.c | tools/agbcc/bin/agbcc -mthumb-interwork -Wimplicit -Wparentheses -O2 -fhex-asm  -fprologue-bugfix -o build/crashbandicootxs/src/system/game_loop27.s
arm-none-eabi-as -mcpu=arm7tdmi -mthumb-interwork -I asminclude --defsym NON_MATCHING=0 -o build/crashbandicootxs/src/system/game_loop27.o build/crashbandicootxs/src/system/game_loop27.s
arm-none-eabi-cpp -I tools/agbcc/include -iquote include -nostdinc -undef src/system/game_loop28.c | tools/agbcc/bin/agbcc -mthumb-interwork -Wimplicit -Wparentheses -O2 -fhex-asm  -fprologue-bugfix -o build/crashbandicootxs/src/system/game_loop28.s
arm-none-eabi-as -mcpu=arm7tdmi -mthumb-interwork -I asminclude --defsym NON_MATCHING=0 -o build/crashbandicootxs/src/system/game_loop28.o build/crashbandicootxs/src/system/game_loop28.s
arm-none-eabi-cpp -I tools/agbcc/include -iquote include -nostdinc -undef src/system/game_loop29.c | tools/agbcc/bin/old_agbcc -mthumb-interwork -Wimplicit -Wparentheses -O2 -fhex-asm -o build/crashbandicootxs/src/system/game_loop29.s
arm-none-eabi-as -mcpu=arm7tdmi -mthumb-interwork -I asminclude --defsym NON_MATCHING=0 -o build/crashbandicootxs/src/system/game_loop29.o build/crashbandicootxs/src/system/game_loop29.s
arm-none-eabi-cpp -I tools/agbcc/include -iquote include -nostdinc -undef src/system/game_loop2.c | tools/agbcc/bin/agbcc -mthumb-interwork -Wimplicit -Wparentheses -O2 -fhex-asm  -fprologue-bugfix -o build/crashbandicootxs/src/system/game_loop2.s
arm-none-eabi-as -mcpu=arm7tdmi -mthumb-interwork -I asminclude --defsym NON_MATCHING=0 -o build/crashbandicootxs/src/system/game_loop2.o build/crashbandicootxs/src/system/game_loop2.s
arm-none-eabi-cpp -I tools/agbcc/include -iquote include -nostdinc -undef src/system/game_loop30.c | tools/agbcc/bin/agbcc -mthumb-interwork -Wimplicit -Wparentheses -O2 -fhex-asm  -fprologue-bugfix -o build/crashbandicootxs/src/system/game_loop30.s
arm-none-eabi-as -mcpu=arm7tdmi -mthumb-interwork -I asminclude --defsym NON_MATCHING=0 -o build/crashbandicootxs/src/system/game_loop30.o build/crashbandicootxs/src/system/game_loop30.s
arm-none-eabi-cpp -I tools/agbcc/include -iquote include -nostdinc -undef src/system/game_loop31.c | tools/agbcc/bin/agbcc -mthumb-interwork -Wimplicit -Wparentheses -O2 -fhex-asm  -fprologue-bugfix -o build/crashbandicootxs/src/system/game_loop31.s
arm-none-eabi-as -mcpu=arm7tdmi -mthumb-interwork -I asminclude --defsym NON_MATCHING=0 -o build/crashbandicootxs/src/system/game_loop31.o build/crashbandicootxs/src/system/game_loop31.s
arm-none-eabi-cpp -I tools/agbcc/include -iquote include -nostdinc -undef src/system/game_loop32.c | tools/agbcc/bin/agbcc -mthumb-interwork -Wimplicit -Wparentheses -O2 -fhex-asm  -fprologue-bugfix -o build/crashbandicootxs/src/system/game_loop32.s
arm-none-eabi-as -mcpu=arm7tdmi -mthumb-interwork -I asminclude --defsym NON_MATCHING=0 -o build/crashbandicootxs/src/system/game_loop32.o build/crashbandicootxs/src/system/game_loop32.s
arm-none-eabi-cpp -I tools/agbcc/include -iquote include -nostdinc -undef src/system/game_loop33.c | tools/agbcc/bin/agbcc -mthumb-interwork -Wimplicit -Wparentheses -O2 -fhex-asm  -fprologue-bugfix -o build/crashbandicootxs/src/system/game_loop33.s
arm-none-eabi-as -mcpu=arm7tdmi -mthumb-interwork -I asminclude --defsym NON_MATCHING=0 -o build/crashbandicootxs/src/system/game_loop33.o build/crashbandicootxs/src/system/game_loop33.s
arm-none-eabi-cpp -I tools/agbcc/include -iquote include -nostdinc -undef src/system/game_loop34.c | tools/agbcc/bin/agbcc -mthumb-interwork -Wimplicit -Wparentheses -O2 -fhex-asm  -fprologue-bugfix -o build/crashbandicootxs/src/system/game_loop34.s
arm-none-eabi-as -mcpu=arm7tdmi -mthumb-interwork -I asminclude --defsym NON_MATCHING=0 -o build/crashbandicootxs/src/system/game_loop34.o build/crashbandicootxs/src/system/game_loop34.s
arm-none-eabi-cpp -I tools/agbcc/include -iquote include -nostdinc -undef src/system/game_loop35.c | tools/agbcc/bin/agbcc -mthumb-interwork -Wimplicit -Wparentheses -O2 -fhex-asm  -fprologue-bugfix -o build/crashbandicootxs/src/system/game_loop35.s
arm-none-eabi-as -mcpu=arm7tdmi -mthumb-interwork -I asminclude --defsym NON_MATCHING=0 -o build/crashbandicootxs/src/system/game_loop35.o build/crashbandicootxs/src/system/game_loop35.s
arm-none-eabi-cpp -I tools/agbcc/include -iquote include -nostdinc -undef src/system/game_loop36.c | tools/agbcc/bin/agbcc -mthumb-interwork -Wimplicit -Wparentheses -O2 -fhex-asm  -fprologue-bugfix -o build/crashbandicootxs/src/system/game_loop36.s
arm-none-eabi-as -mcpu=arm7tdmi -mthumb-interwork -I asminclude --defsym NON_MATCHING=0 -o build/crashbandicootxs/src/system/game_loop36.o build/crashbandicootxs/src/system/game_loop36.s
arm-none-eabi-cpp -I tools/agbcc/include -iquote include -nostdinc -undef src/system/game_loop37.c | tools/agbcc/bin/old_agbcc -mthumb-interwork -Wimplicit -Wparentheses -O2 -fhex-asm -o build/crashbandicootxs/src/system/game_loop37.s
arm-none-eabi-as -mcpu=arm7tdmi -mthumb-interwork -I asminclude --defsym NON_MATCHING=0 -o build/crashbandicootxs/src/system/game_loop37.o build/crashbandicootxs/src/system/game_loop37.s
arm-none-eabi-cpp -I tools/agbcc/include -iquote include -nostdinc -undef src/system/game_loop38.c | tools/agbcc/bin/agbcc -mthumb-interwork -Wimplicit -Wparentheses -O2 -fhex-asm  -fprologue-bugfix -o build/crashbandicootxs/src/system/game_loop38.s
arm-none-eabi-as -mcpu=arm7tdmi -mthumb-interwork -I asminclude --defsym NON_MATCHING=0 -o build/crashbandicootxs/src/system/game_loop38.o build/crashbandicootxs/src/system/game_loop38.s
arm-none-eabi-cpp -I tools/agbcc/include -iquote include -nostdinc -undef src/system/game_loop39.c | tools/agbcc/bin/agbcc -mthumb-interwork -Wimplicit -Wparentheses -O2 -fhex-asm  -fprologue-bugfix -o build/crashbandicootxs/src/system/game_loop39.s
arm-none-eabi-as -mcpu=arm7tdmi -mthumb-interwork -I asminclude --defsym NON_MATCHING=0 -o build/crashbandicootxs/src/system/game_loop39.o build/crashbandicootxs/src/system/game_loop39.s
arm-none-eabi-cpp -I tools/agbcc/include -iquote include -nostdinc -undef src/system/game_loop3.c | tools/agbcc/bin/old_agbcc -mthumb-interwork -Wimplicit -Wparentheses -O2 -fhex-asm -o build/crashbandicootxs/src/system/game_loop3.s
arm-none-eabi-as -mcpu=arm7tdmi -mthumb-interwork -I asminclude --defsym NON_MATCHING=0 -o build/crashbandicootxs/src/system/game_loop3.o build/crashbandicootxs/src/system/game_loop3.s
arm-none-eabi-cpp -I tools/agbcc/include -iquote include -nostdinc -undef src/system/game_loop40.c | tools/agbcc/bin/old_agbcc -mthumb-interwork -Wimplicit -Wparentheses -O2 -fhex-asm -o build/crashbandicootxs/src/system/game_loop40.s
arm-none-eabi-as -mcpu=arm7tdmi -mthumb-interwork -I asminclude --defsym NON_MATCHING=0 -o build/crashbandicootxs/src/system/game_loop40.o build/crashbandicootxs/src/system/game_loop40.s
arm-none-eabi-cpp -I tools/agbcc/include -iquote include -nostdinc -undef src/system/game_loop41.c | tools/agbcc/bin/agbcc -mthumb-interwork -Wimplicit -Wparentheses -O2 -fhex-asm  -fprologue-bugfix -o build/crashbandicootxs/src/system/game_loop41.s
arm-none-eabi-as -mcpu=arm7tdmi -mthumb-interwork -I asminclude --defsym NON_MATCHING=0 -o build/crashbandicootxs/src/system/game_loop41.o build/crashbandicootxs/src/system/game_loop41.s
arm-none-eabi-cpp -I tools/agbcc/include -iquote include -nostdinc -undef src/system/game_loop42.c | tools/agbcc/bin/agbcc -mthumb-interwork -Wimplicit -Wparentheses -O2 -fhex-asm  -fprologue-bugfix -o build/crashbandicootxs/src/system/game_loop42.s
arm-none-eabi-as -mcpu=arm7tdmi -mthumb-interwork -I asminclude --defsym NON_MATCHING=0 -o build/crashbandicootxs/src/system/game_loop42.o build/crashbandicootxs/src/system/game_loop42.s
arm-none-eabi-cpp -I tools/agbcc/include -iquote include -nostdinc -undef src/system/game_loop43.c | tools/agbcc/bin/agbcc -mthumb-interwork -Wimplicit -Wparentheses -O2 -fhex-asm  -fprologue-bugfix -o build/crashbandicootxs/src/system/game_loop43.s
arm-none-eabi-as -mcpu=arm7tdmi -mthumb-interwork -I asminclude --defsym NON_MATCHING=0 -o build/crashbandicootxs/src/system/game_loop43.o build/crashbandicootxs/src/system/game_loop43.s
arm-none-eabi-cpp -I tools/agbcc/include -iquote include -nostdinc -undef src/system/game_loop44.c | tools/agbcc/bin/agbcc -mthumb-interwork -Wimplicit -Wparentheses -O2 -fhex-asm  -fprologue-bugfix -o build/crashbandicootxs/src/system/game_loop44.s
arm-none-eabi-as -mcpu=arm7tdmi -mthumb-interwork -I asminclude --defsym NON_MATCHING=0 -o build/crashbandicootxs/src/system/game_loop44.o build/crashbandicootxs/src/system/game_loop44.s
arm-none-eabi-cpp -I tools/agbcc/include -iquote include -nostdinc -undef src/system/game_loop45.c | tools/agbcc/bin/agbcc -mthumb-interwork -Wimplicit -Wparentheses -O2 -fhex-asm  -fprologue-bugfix -o build/crashbandicootxs/src/system/game_loop45.s
arm-none-eabi-as -mcpu=arm7tdmi -mthumb-interwork -I asminclude --defsym NON_MATCHING=0 -o build/crashbandicootxs/src/system/game_loop45.o build/crashbandicootxs/src/system/game_loop45.s
arm-none-eabi-cpp -I tools/agbcc/include -iquote include -nostdinc -undef src/system/game_loop46.c | tools/agbcc/bin/old_agbcc -mthumb-interwork -Wimplicit -Wparentheses -O2 -fhex-asm -o build/crashbandicootxs/src/system/game_loop46.s
arm-none-eabi-as -mcpu=arm7tdmi -mthumb-interwork -I asminclude --defsym NON_MATCHING=0 -o build/crashbandicootxs/src/system/game_loop46.o build/crashbandicootxs/src/system/game_loop46.s
arm-none-eabi-cpp -I tools/agbcc/include -iquote include -nostdinc -undef src/system/game_loop47.c | tools/agbcc/bin/agbcc -mthumb-interwork -Wimplicit -Wparentheses -O2 -fhex-asm  -fprologue-bugfix -o build/crashbandicootxs/src/system/game_loop47.s
arm-none-eabi-as -mcpu=arm7tdmi -mthumb-interwork -I asminclude --defsym NON_MATCHING=0 -o build/crashbandicootxs/src/system/game_loop47.o build/crashbandicootxs/src/system/game_loop47.s
arm-none-eabi-cpp -I tools/agbcc/include -iquote include -nostdinc -undef src/system/game_loop48.c | tools/agbcc/bin/old_agbcc -mthumb-interwork -Wimplicit -Wparentheses -O2 -fhex-asm -o build/crashbandicootxs/src/system/game_loop48.s
arm-none-eabi-as -mcpu=arm7tdmi -mthumb-interwork -I asminclude --defsym NON_MATCHING=0 -o build/crashbandicootxs/src/system/game_loop48.o build/crashbandicootxs/src/system/game_loop48.s
arm-none-eabi-cpp -I tools/agbcc/include -iquote include -nostdinc -undef src/system/game_loop49.c | tools/agbcc/bin/old_agbcc -mthumb-interwork -Wimplicit -Wparentheses -O2 -fhex-asm -o build/crashbandicootxs/src/system/game_loop49.s
arm-none-eabi-as -mcpu=arm7tdmi -mthumb-interwork -I asminclude --defsym NON_MATCHING=0 -o build/crashbandicootxs/src/system/game_loop49.o build/crashbandicootxs/src/system/game_loop49.s
arm-none-eabi-cpp -I tools/agbcc/include -iquote include -nostdinc -undef src/system/game_loop4.c | tools/agbcc/bin/old_agbcc -mthumb-interwork -Wimplicit -Wparentheses -O2 -fhex-asm -o build/crashbandicootxs/src/system/game_loop4.s
arm-none-eabi-as -mcpu=arm7tdmi -mthumb-interwork -I asminclude --defsym NON_MATCHING=0 -o build/crashbandicootxs/src/system/game_loop4.o build/crashbandicootxs/src/system/game_loop4.s
arm-none-eabi-cpp -I tools/agbcc/include -iquote include -nostdinc -undef src/system/game_loop50.c | tools/agbcc/bin/agbcc -mthumb-interwork -Wimplicit -Wparentheses -O2 -fhex-asm  -fprologue-bugfix -o build/crashbandicootxs/src/system/game_loop50.s
arm-none-eabi-as -mcpu=arm7tdmi -mthumb-interwork -I asminclude --defsym NON_MATCHING=0 -o build/crashbandicootxs/src/system/game_loop50.o build/crashbandicootxs/src/system/game_loop50.s
arm-none-eabi-cpp -I tools/agbcc/include -iquote include -nostdinc -undef src/system/game_loop51.c | tools/agbcc/bin/agbcc -mthumb-interwork -Wimplicit -Wparentheses -O2 -fhex-asm  -fprologue-bugfix -o build/crashbandicootxs/src/system/game_loop51.s
arm-none-eabi-as -mcpu=arm7tdmi -mthumb-interwork -I asminclude --defsym NON_MATCHING=0 -o build/crashbandicootxs/src/system/game_loop51.o build/crashbandicootxs/src/system/game_loop51.s
arm-none-eabi-cpp -I tools/agbcc/include -iquote include -nostdinc -undef src/system/game_loop52.c | tools/agbcc/bin/old_agbcc -mthumb-interwork -Wimplicit -Wparentheses -O2 -fhex-asm -o build/crashbandicootxs/src/system/game_loop52.s
arm-none-eabi-as -mcpu=arm7tdmi -mthumb-interwork -I asminclude --defsym NON_MATCHING=0 -o build/crashbandicootxs/src/system/game_loop52.o build/crashbandicootxs/src/system/game_loop52.s
arm-none-eabi-cpp -I tools/agbcc/include -iquote include -nostdinc -undef src/system/game_loop53.c | tools/agbcc/bin/old_agbcc -mthumb-interwork -Wimplicit -Wparentheses -O2 -fhex-asm -o build/crashbandicootxs/src/system/game_loop53.s
arm-none-eabi-as -mcpu=arm7tdmi -mthumb-interwork -I asminclude --defsym NON_MATCHING=0 -o build/crashbandicootxs/src/system/game_loop53.o build/crashbandicootxs/src/system/game_loop53.s
arm-none-eabi-cpp -I tools/agbcc/include -iquote include -nostdinc -undef src/system/game_loop54.c | tools/agbcc/bin/old_agbcc -mthumb-interwork -Wimplicit -Wparentheses -O2 -fhex-asm -o build/crashbandicootxs/src/system/game_loop54.s
arm-none-eabi-as -mcpu=arm7tdmi -mthumb-interwork -I asminclude --defsym NON_MATCHING=0 -o build/crashbandicootxs/src/system/game_loop54.o build/crashbandicootxs/src/system/game_loop54.s
arm-none-eabi-cpp -I tools/agbcc/include -iquote include -nostdinc -undef src/system/game_loop55.c | tools/agbcc/bin/agbcc -mthumb-interwork -Wimplicit -Wparentheses -O2 -fhex-asm  -fprologue-bugfix -o build/crashbandicootxs/src/system/game_loop55.s
arm-none-eabi-as -mcpu=arm7tdmi -mthumb-interwork -I asminclude --defsym NON_MATCHING=0 -o build/crashbandicootxs/src/system/game_loop55.o build/crashbandicootxs/src/system/game_loop55.s
arm-none-eabi-cpp -I tools/agbcc/include -iquote include -nostdinc -undef src/system/game_loop56.c | tools/agbcc/bin/agbcc -mthumb-interwork -Wimplicit -Wparentheses -O2 -fhex-asm  -fprologue-bugfix -o build/crashbandicootxs/src/system/game_loop56.s
arm-none-eabi-as -mcpu=arm7tdmi -mthumb-interwork -I asminclude --defsym NON_MATCHING=0 -o build/crashbandicootxs/src/system/game_loop56.o build/crashbandicootxs/src/system/game_loop56.s
arm-none-eabi-cpp -I tools/agbcc/include -iquote include -nostdinc -undef src/system/game_loop57.c | tools/agbcc/bin/old_agbcc -mthumb-interwork -Wimplicit -Wparentheses -O2 -fhex-asm -o build/crashbandicootxs/src/system/game_loop57.s
arm-none-eabi-as -mcpu=arm7tdmi -mthumb-interwork -I asminclude --defsym NON_MATCHING=0 -o build/crashbandicootxs/src/system/game_loop57.o build/crashbandicootxs/src/system/game_loop57.s
arm-none-eabi-cpp -I tools/agbcc/include -iquote include -nostdinc -undef src/system/game_loop5.c | tools/agbcc/bin/agbcc -mthumb-interwork -Wimplicit -Wparentheses -O2 -fhex-asm  -fprologue-bugfix -o build/crashbandicootxs/src/system/game_loop5.s
arm-none-eabi-as -mcpu=arm7tdmi -mthumb-interwork -I asminclude --defsym NON_MATCHING=0 -o build/crashbandicootxs/src/system/game_loop5.o build/crashbandicootxs/src/system/game_loop5.s
arm-none-eabi-cpp -I tools/agbcc/include -iquote include -nostdinc -undef src/system/game_loop6.c | tools/agbcc/bin/agbcc -mthumb-interwork -Wimplicit -Wparentheses -O2 -fhex-asm  -fprologue-bugfix -o build/crashbandicootxs/src/system/game_loop6.s
arm-none-eabi-as -mcpu=arm7tdmi -mthumb-interwork -I asminclude --defsym NON_MATCHING=0 -o build/crashbandicootxs/src/system/game_loop6.o build/crashbandicootxs/src/system/game_loop6.s
arm-none-eabi-cpp -I tools/agbcc/include -iquote include -nostdinc -undef src/system/game_loop7.c | tools/agbcc/bin/old_agbcc -mthumb-interwork -Wimplicit -Wparentheses -O2 -fhex-asm -o build/crashbandicootxs/src/system/game_loop7.s
arm-none-eabi-as -mcpu=arm7tdmi -mthumb-interwork -I asminclude --defsym NON_MATCHING=0 -o build/crashbandicootxs/src/system/game_loop7.o build/crashbandicootxs/src/system/game_loop7.s
arm-none-eabi-cpp -I tools/agbcc/include -iquote include -nostdinc -undef src/system/game_loop8.c | tools/agbcc/bin/old_agbcc -mthumb-interwork -Wimplicit -Wparentheses -O2 -fhex-asm -o build/crashbandicootxs/src/system/game_loop8.s
arm-none-eabi-as -mcpu=arm7tdmi -mthumb-interwork -I asminclude --defsym NON_MATCHING=0 -o build/crashbandicootxs/src/system/game_loop8.o build/crashbandicootxs/src/system/game_loop8.s
arm-none-eabi-cpp -I tools/agbcc/include -iquote include -nostdinc -undef src/system/game_loop9.c | tools/agbcc/bin/agbcc -mthumb-interwork -Wimplicit -Wparentheses -O2 -fhex-asm  -fprologue-bugfix -o build/crashbandicootxs/src/system/game_loop9.s
src/system/game_loop9.c:11: warning: `struct vram_upload_cursor' declared inside parameter list
src/system/game_loop9.c:11: warning: its scope is only this definition or declaration,
src/system/game_loop9.c:11: warning: which is probably not what you want.
src/system/game_loop9.c:12: warning: `struct oam_shadow_buffer' declared inside parameter list
arm-none-eabi-as -mcpu=arm7tdmi -mthumb-interwork -I asminclude --defsym NON_MATCHING=0 -o build/crashbandicootxs/src/system/game_loop9.o build/crashbandicootxs/src/system/game_loop9.s
arm-none-eabi-cpp -I tools/agbcc/include -iquote include -nostdinc -undef src/system/game_loop.c | tools/agbcc/bin/agbcc -mthumb-interwork -Wimplicit -Wparentheses -O2 -fhex-asm  -fprologue-bugfix -o build/crashbandicootxs/src/system/game_loop.s
arm-none-eabi-as -mcpu=arm7tdmi -mthumb-interwork -I asminclude --defsym NON_MATCHING=0 -o build/crashbandicootxs/src/system/game_loop.o build/crashbandicootxs/src/system/game_loop.s
arm-none-eabi-cpp -I tools/agbcc/include -iquote include -nostdinc -undef src/system/input_util.c | tools/agbcc/bin/agbcc -mthumb-interwork -Wimplicit -Wparentheses -O2 -fhex-asm  -fprologue-bugfix -o build/crashbandicootxs/src/system/input_util.s
arm-none-eabi-as -mcpu=arm7tdmi -mthumb-interwork -I asminclude --defsym NON_MATCHING=0 -o build/crashbandicootxs/src/system/input_util.o build/crashbandicootxs/src/system/input_util.s
arm-none-eabi-cpp -I tools/agbcc/include -iquote include -nostdinc -undef src/system/irq.c | tools/agbcc/bin/agbcc -mthumb-interwork -Wimplicit -Wparentheses -O2 -fhex-asm  -fprologue-bugfix -o build/crashbandicootxs/src/system/irq.s
src/system/irq.c: In function `sub_8000544':
src/system/irq.c:19: warning: assignment from incompatible pointer type
src/system/irq.c: In function `sub_8000558':
src/system/irq.c:34: warning: assignment from incompatible pointer type
src/system/irq.c: In function `IrqSetup':
src/system/irq.c:52: warning: initialization from incompatible pointer type
src/system/irq.c:53: warning: initialization from incompatible pointer type
src/system/irq.c:54: warning: initialization from incompatible pointer type
src/system/irq.c: In function `sub_8000620':
src/system/irq.c:73: warning: initialization from incompatible pointer type
src/system/irq.c:87: warning: assignment discards qualifiers from pointer target type
src/system/irq.c: In function `sub_8000654':
src/system/irq.c:94: warning: initialization makes pointer from integer without a cast
arm-none-eabi-as -mcpu=arm7tdmi -mthumb-interwork -I asminclude --defsym NON_MATCHING=0 -o build/crashbandicootxs/src/system/irq.o build/crashbandicootxs/src/system/irq.s
arm-none-eabi-cpp -I tools/agbcc/include -iquote include -nostdinc -undef src/system/level_layers.c | tools/agbcc/bin/agbcc -mthumb-interwork -Wimplicit -Wparentheses -O2 -fhex-asm  -fprologue-bugfix -o build/crashbandicootxs/src/system/level_layers.s
arm-none-eabi-as -mcpu=arm7tdmi -mthumb-interwork -I asminclude --defsym NON_MATCHING=0 -o build/crashbandicootxs/src/system/level_layers.o build/crashbandicootxs/src/system/level_layers.s
arm-none-eabi-cpp -I tools/agbcc/include -iquote include -nostdinc -undef src/system/link_cable2.c | tools/agbcc/bin/agbcc -mthumb-interwork -Wimplicit -Wparentheses -O2 -fhex-asm  -fprologue-bugfix -o build/crashbandicootxs/src/system/link_cable2.s
src/system/link_cable2.c: In function `sub_80026E4':
src/system/link_cable2.c:38: warning: passing arg 2 of `sub_80005A0' from incompatible pointer type
src/system/link_cable2.c:42: warning: passing arg 2 of `sub_80005A0' from incompatible pointer type
arm-none-eabi-as -mcpu=arm7tdmi -mthumb-interwork -I asminclude --defsym NON_MATCHING=0 -o build/crashbandicootxs/src/system/link_cable2.o build/crashbandicootxs/src/system/link_cable2.s
arm-none-eabi-cpp -I tools/agbcc/include -iquote include -nostdinc -undef src/system/link_cable.c | tools/agbcc/bin/old_agbcc -mthumb-interwork -Wimplicit -Wparentheses -O2 -fhex-asm -o build/crashbandicootxs/src/system/link_cable.s
arm-none-eabi-as -mcpu=arm7tdmi -mthumb-interwork -I asminclude --defsym NON_MATCHING=0 -o build/crashbandicootxs/src/system/link_cable.o build/crashbandicootxs/src/system/link_cable.s
arm-none-eabi-cpp -I tools/agbcc/include -iquote include -nostdinc -undef src/system/main.c | tools/agbcc/bin/agbcc -mthumb-interwork -Wimplicit -Wparentheses -O2 -fhex-asm  -fprologue-bugfix -o build/crashbandicootxs/src/system/main.s
arm-none-eabi-as -mcpu=arm7tdmi -mthumb-interwork -I asminclude --defsym NON_MATCHING=0 -o build/crashbandicootxs/src/system/main.o build/crashbandicootxs/src/system/main.s
arm-none-eabi-cpp -I tools/agbcc/include -iquote include -nostdinc -undef src/system/main_loop.c | tools/agbcc/bin/agbcc -mthumb-interwork -Wimplicit -Wparentheses -O2 -fhex-asm  -fprologue-bugfix -o build/crashbandicootxs/src/system/main_loop.s
arm-none-eabi-as -mcpu=arm7tdmi -mthumb-interwork -I asminclude --defsym NON_MATCHING=0 -o build/crashbandicootxs/src/system/main_loop.o build/crashbandicootxs/src/system/main_loop.s
arm-none-eabi-cpp -I tools/agbcc/include -iquote include -nostdinc -undef src/system/memory.c | tools/agbcc/bin/agbcc -mthumb-interwork -Wimplicit -Wparentheses -O2 -fhex-asm  -fprologue-bugfix -o build/crashbandicootxs/src/system/memory.s
src/system/memory.c: In function `mem_free_bytes_update':
src/system/memory.c:6: warning: assignment makes pointer from integer without a cast
src/system/memory.c: In function `mem_heap_init':
src/system/memory.c:22: warning: initialization makes integer from pointer without a cast
src/system/memory.c:23: warning: initialization makes integer from pointer without a cast
src/system/memory.c:33: warning: assignment makes pointer from integer without a cast
src/system/memory.c: In function `mem_free_bytes_for_heap':
src/system/memory.c:173: warning: comparison of distinct pointer types lacks a cast
src/system/memory.c: In function `mem_free':
src/system/memory.c:259: warning: comparison between pointer and integer
src/system/memory.c:266: warning: assignment from incompatible pointer type
src/system/memory.c: In function `sub_8000518':
src/system/memory.c:298: warning: comparison between pointer and integer
arm-none-eabi-as -mcpu=arm7tdmi -mthumb-interwork -I asminclude --defsym NON_MATCHING=0 -o build/crashbandicootxs/src/system/memory.o build/crashbandicootxs/src/system/memory.s
arm-none-eabi-cpp -I tools/agbcc/include -iquote include -nostdinc -undef src/system/reg_trampolines.c | tools/agbcc/bin/agbcc -mthumb-interwork -Wimplicit -Wparentheses -O2 -fhex-asm  -fprologue-bugfix -o build/crashbandicootxs/src/system/reg_trampolines.s
arm-none-eabi-as -mcpu=arm7tdmi -mthumb-interwork -I asminclude --defsym NON_MATCHING=0 -o build/crashbandicootxs/src/system/reg_trampolines.o build/crashbandicootxs/src/system/reg_trampolines.s
arm-none-eabi-cpp -I tools/agbcc/include -iquote include -nostdinc -undef src/system/tile_slot_pool.c | tools/agbcc/bin/agbcc -mthumb-interwork -Wimplicit -Wparentheses -O2 -fhex-asm  -fprologue-bugfix -o build/crashbandicootxs/src/system/tile_slot_pool.s
arm-none-eabi-as -mcpu=arm7tdmi -mthumb-interwork -I asminclude --defsym NON_MATCHING=0 -o build/crashbandicootxs/src/system/tile_slot_pool.o build/crashbandicootxs/src/system/tile_slot_pool.s
arm-none-eabi-cpp -I tools/agbcc/include -iquote include -nostdinc -undef src/system/timer_util_aa90.c | tools/agbcc/bin/agbcc -mthumb-interwork -Wimplicit -Wparentheses -O2 -fhex-asm  -fprologue-bugfix -o build/crashbandicootxs/src/system/timer_util_aa90.s
arm-none-eabi-as -mcpu=arm7tdmi -mthumb-interwork -I asminclude --defsym NON_MATCHING=0 -o build/crashbandicootxs/src/system/timer_util_aa90.o build/crashbandicootxs/src/system/timer_util_aa90.s
arm-none-eabi-cpp -I tools/agbcc/include -iquote include -nostdinc -undef src/system/timer_util.c | tools/agbcc/bin/agbcc -mthumb-interwork -Wimplicit -Wparentheses -O2 -fhex-asm  -fprologue-bugfix -o build/crashbandicootxs/src/system/timer_util.s
arm-none-eabi-as -mcpu=arm7tdmi -mthumb-interwork -I asminclude --defsym NON_MATCHING=0 -o build/crashbandicootxs/src/system/timer_util.o build/crashbandicootxs/src/system/timer_util.s
arm-none-eabi-cpp -I tools/agbcc/include -iquote include -nostdinc -undef src/util/line_util2.c | tools/agbcc/bin/agbcc -mthumb-interwork -Wimplicit -Wparentheses -O2 -fhex-asm  -fprologue-bugfix -o build/crashbandicootxs/src/util/line_util2.s
arm-none-eabi-as -mcpu=arm7tdmi -mthumb-interwork -I asminclude --defsym NON_MATCHING=0 -o build/crashbandicootxs/src/util/line_util2.o build/crashbandicootxs/src/util/line_util2.s
arm-none-eabi-cpp -I tools/agbcc/include -iquote include -nostdinc -undef src/util/line_util.c | tools/agbcc/bin/agbcc -mthumb-interwork -Wimplicit -Wparentheses -O2 -fhex-asm  -fprologue-bugfix -o build/crashbandicootxs/src/util/line_util.s
arm-none-eabi-as -mcpu=arm7tdmi -mthumb-interwork -I asminclude --defsym NON_MATCHING=0 -o build/crashbandicootxs/src/util/line_util.o build/crashbandicootxs/src/util/line_util.s
arm-none-eabi-cpp -I tools/agbcc/include -iquote include -nostdinc -undef src/util/math_div64_util.c | tools/agbcc/bin/agbcc -Wimplicit -Wparentheses -O2 -fhex-asm -fprologue-bugfix -o build/crashbandicootxs/src/util/math_div64_util.s
arm-none-eabi-as -mcpu=arm7tdmi -mthumb-interwork -I asminclude --defsym NON_MATCHING=0 -o build/crashbandicootxs/src/util/math_div64_util.o build/crashbandicootxs/src/util/math_div64_util.s
arm-none-eabi-cpp -I tools/agbcc/include -iquote include -nostdinc -undef src/util/math_div_util.c | tools/agbcc/bin/agbcc -mthumb-interwork -Wimplicit -Wparentheses -O2 -fhex-asm  -fprologue-bugfix -o build/crashbandicootxs/src/util/math_div_util.s
arm-none-eabi-as -mcpu=arm7tdmi -mthumb-interwork -I asminclude --defsym NON_MATCHING=0 -o build/crashbandicootxs/src/util/math_div_util.o build/crashbandicootxs/src/util/math_div_util.s
arm-none-eabi-cpp -I tools/agbcc/include -iquote include -nostdinc -undef src/util/math_util.c | tools/agbcc/bin/agbcc -mthumb-interwork -Wimplicit -Wparentheses -O2 -fhex-asm  -fprologue-bugfix -o build/crashbandicootxs/src/util/math_util.s
arm-none-eabi-as -mcpu=arm7tdmi -mthumb-interwork -I asminclude --defsym NON_MATCHING=0 -o build/crashbandicootxs/src/util/math_util.o build/crashbandicootxs/src/util/math_util.s
arm-none-eabi-cpp -I tools/agbcc/include -iquote include -nostdinc -undef src/util/printf_util.c | tools/agbcc/bin/agbcc -mthumb-interwork -Wimplicit -Wparentheses -O2 -fhex-asm  -fprologue-bugfix -o build/crashbandicootxs/src/util/printf_util.s
arm-none-eabi-as -mcpu=arm7tdmi -mthumb-interwork -I asminclude --defsym NON_MATCHING=0 -o build/crashbandicootxs/src/util/printf_util.o build/crashbandicootxs/src/util/printf_util.s
arm-none-eabi-cpp -I tools/agbcc/include -iquote include -nostdinc -undef src/util/rand_util.c | tools/agbcc/bin/agbcc -mthumb-interwork -Wimplicit -Wparentheses -O2 -fhex-asm  -fprologue-bugfix -o build/crashbandicootxs/src/util/rand_util.s
arm-none-eabi-as -mcpu=arm7tdmi -mthumb-interwork -I asminclude --defsym NON_MATCHING=0 -o build/crashbandicootxs/src/util/rand_util.o build/crashbandicootxs/src/util/rand_util.s
arm-none-eabi-cpp -I tools/agbcc/include -iquote include -nostdinc -undef src/util/string_util2.c | tools/agbcc/bin/agbcc -mthumb-interwork -Wimplicit -Wparentheses -O2 -fhex-asm  -fprologue-bugfix -o build/crashbandicootxs/src/util/string_util2.s
src/util/string_util2.c:93: warning: conflicting types for built-in function `strcpy'
src/util/string_util2.c:115: warning: conflicting types for built-in function `strlen'
arm-none-eabi-as -mcpu=arm7tdmi -mthumb-interwork -I asminclude --defsym NON_MATCHING=0 -o build/crashbandicootxs/src/util/string_util2.o build/crashbandicootxs/src/util/string_util2.s
arm-none-eabi-cpp -I tools/agbcc/include -iquote include -nostdinc -undef src/util/string_util.c | tools/agbcc/bin/agbcc -mthumb-interwork -Wimplicit -Wparentheses -O2 -fhex-asm  -fprologue-bugfix -o build/crashbandicootxs/src/util/string_util.s
arm-none-eabi-as -mcpu=arm7tdmi -mthumb-interwork -I asminclude --defsym NON_MATCHING=0 -o build/crashbandicootxs/src/util/string_util.o build/crashbandicootxs/src/util/string_util.s
arm-none-eabi-cpp -I tools/agbcc/include -iquote include -nostdinc -undef src/util/time_util.c | tools/agbcc/bin/agbcc -mthumb-interwork -Wimplicit -Wparentheses -O2 -fhex-asm  -fprologue-bugfix -o build/crashbandicootxs/src/util/time_util.s
arm-none-eabi-as -mcpu=arm7tdmi -mthumb-interwork -I asminclude --defsym NON_MATCHING=0 -o build/crashbandicootxs/src/util/time_util.o build/crashbandicootxs/src/util/time_util.s
arm-none-eabi-cpp -I tools/agbcc/include -iquote include -nostdinc -undef src/util/word_util.c | tools/agbcc/bin/agbcc -mthumb-interwork -Wimplicit -Wparentheses -O2 -fhex-asm  -fprologue-bugfix -o build/crashbandicootxs/src/util/word_util.s
arm-none-eabi-as -mcpu=arm7tdmi -mthumb-interwork -I asminclude --defsym NON_MATCHING=0 -o build/crashbandicootxs/src/util/word_util.o build/crashbandicootxs/src/util/word_util.s
arm-none-eabi-as -mcpu=arm7tdmi -mthumb-interwork -I asminclude --defsym NON_MATCHING=0 -o build/crashbandicootxs/asm/code_3_1_10_4.o asm/code_3_1_10_4.s
arm-none-eabi-as -mcpu=arm7tdmi -mthumb-interwork -I asminclude --defsym NON_MATCHING=0 -o build/crashbandicootxs/asm/code_3_1_10.o asm/code_3_1_10.s
arm-none-eabi-as -mcpu=arm7tdmi -mthumb-interwork -I asminclude --defsym NON_MATCHING=0 -o build/crashbandicootxs/asm/code_3_2_16_a884.o asm/code_3_2_16_a884.s
arm-none-eabi-as -mcpu=arm7tdmi -mthumb-interwork -I asminclude --defsym NON_MATCHING=0 -o build/crashbandicootxs/asm/code_3_2_16_ac2c.o asm/code_3_2_16_ac2c.s
arm-none-eabi-as -mcpu=arm7tdmi -mthumb-interwork -I asminclude --defsym NON_MATCHING=0 -o build/crashbandicootxs/asm/code_3_2_20_28568_c99c_31784_339dc.o asm/code_3_2_20_28568_c99c_31784_339dc.s
arm-none-eabi-as -mcpu=arm7tdmi -mthumb-interwork -I asminclude --defsym NON_MATCHING=0 -o build/crashbandicootxs/asm/code_3_2_20_28568_c99c_31784_33cf8.o asm/code_3_2_20_28568_c99c_31784_33cf8.s
arm-none-eabi-as -mcpu=arm7tdmi -mthumb-interwork -I asminclude --defsym NON_MATCHING=0 -o build/crashbandicootxs/asm/code_3_2_20c.o asm/code_3_2_20c.s
arm-none-eabi-as -mcpu=arm7tdmi -mthumb-interwork -I asminclude --defsym NON_MATCHING=0 -o build/crashbandicootxs/asm/code_3_2.o asm/code_3_2.s
arm-none-eabi-as -mcpu=arm7tdmi -mthumb-interwork -I asminclude --defsym NON_MATCHING=0 -o build/crashbandicootxs/asm/crt0.o asm/crt0.s
python3 tools/linear_gfx.py to-bin graphics/intro/00_5aa170_bitmap.png build/crashbandicootxs/graphics/intro/00_5aa170_bitmap.bin
/tmp/pr457-rebuilt/tools/linear_gfx.py:19: DeprecationWarning: Image.Image.getdata is deprecated and will be removed in Pillow 14 (2027-10-15). Use get_flattened_data instead.
  f.write(bytes(img.getdata()))
tools/gbagfx/gbagfx build/crashbandicootxs/graphics/intro/00_5aa170_bitmap.bin build/crashbandicootxs/graphics/intro/00_5aa170_bitmap.bin.lz
python3 tools/linear_gfx.py to-bin graphics/intro/01_5addd4_bitmap.png build/crashbandicootxs/graphics/intro/01_5addd4_bitmap.bin
/tmp/pr457-rebuilt/tools/linear_gfx.py:19: DeprecationWarning: Image.Image.getdata is deprecated and will be removed in Pillow 14 (2027-10-15). Use get_flattened_data instead.
  f.write(bytes(img.getdata()))
tools/gbagfx/gbagfx build/crashbandicootxs/graphics/intro/01_5addd4_bitmap.bin build/crashbandicootxs/graphics/intro/01_5addd4_bitmap.bin.lz
python3 tools/linear_gfx.py to-bin graphics/intro/02_5b36e4_bitmap.png build/crashbandicootxs/graphics/intro/02_5b36e4_bitmap.bin
/tmp/pr457-rebuilt/tools/linear_gfx.py:19: DeprecationWarning: Image.Image.getdata is deprecated and will be removed in Pillow 14 (2027-10-15). Use get_flattened_data instead.
  f.write(bytes(img.getdata()))
tools/gbagfx/gbagfx build/crashbandicootxs/graphics/intro/02_5b36e4_bitmap.bin build/crashbandicootxs/graphics/intro/02_5b36e4_bitmap.bin.lz
python3 tools/linear_gfx.py to-bin graphics/intro/03_5b84bc_bitmap.png build/crashbandicootxs/graphics/intro/03_5b84bc_bitmap.bin
/tmp/pr457-rebuilt/tools/linear_gfx.py:19: DeprecationWarning: Image.Image.getdata is deprecated and will be removed in Pillow 14 (2027-10-15). Use get_flattened_data instead.
  f.write(bytes(img.getdata()))
tools/gbagfx/gbagfx build/crashbandicootxs/graphics/intro/03_5b84bc_bitmap.bin build/crashbandicootxs/graphics/intro/03_5b84bc_bitmap.bin.lz
python3 tools/linear_gfx.py to-bin graphics/intro/04_5bc8e8_bitmap.png build/crashbandicootxs/graphics/intro/04_5bc8e8_bitmap.bin
/tmp/pr457-rebuilt/tools/linear_gfx.py:19: DeprecationWarning: Image.Image.getdata is deprecated and will be removed in Pillow 14 (2027-10-15). Use get_flattened_data instead.
  f.write(bytes(img.getdata()))
tools/gbagfx/gbagfx build/crashbandicootxs/graphics/intro/04_5bc8e8_bitmap.bin build/crashbandicootxs/graphics/intro/04_5bc8e8_bitmap.bin.lz
python3 tools/linear_gfx.py to-bin graphics/intro/05_5c1b38_bitmap.png build/crashbandicootxs/graphics/intro/05_5c1b38_bitmap.bin
/tmp/pr457-rebuilt/tools/linear_gfx.py:19: DeprecationWarning: Image.Image.getdata is deprecated and will be removed in Pillow 14 (2027-10-15). Use get_flattened_data instead.
  f.write(bytes(img.getdata()))
tools/gbagfx/gbagfx build/crashbandicootxs/graphics/intro/05_5c1b38_bitmap.bin build/crashbandicootxs/graphics/intro/05_5c1b38_bitmap.bin.lz
python3 tools/linear_gfx.py to-bin graphics/intro/06_5c6950_bitmap.png build/crashbandicootxs/graphics/intro/06_5c6950_bitmap.bin
/tmp/pr457-rebuilt/tools/linear_gfx.py:19: DeprecationWarning: Image.Image.getdata is deprecated and will be removed in Pillow 14 (2027-10-15). Use get_flattened_data instead.
  f.write(bytes(img.getdata()))
tools/gbagfx/gbagfx build/crashbandicootxs/graphics/intro/06_5c6950_bitmap.bin build/crashbandicootxs/graphics/intro/06_5c6950_bitmap.bin.lz
python3 tools/linear_gfx.py to-bin graphics/intro/07_5cb360_bitmap.png build/crashbandicootxs/graphics/intro/07_5cb360_bitmap.bin
/tmp/pr457-rebuilt/tools/linear_gfx.py:19: DeprecationWarning: Image.Image.getdata is deprecated and will be removed in Pillow 14 (2027-10-15). Use get_flattened_data instead.
  f.write(bytes(img.getdata()))
tools/gbagfx/gbagfx build/crashbandicootxs/graphics/intro/07_5cb360_bitmap.bin build/crashbandicootxs/graphics/intro/07_5cb360_bitmap.bin.lz
python3 tools/linear_gfx.py to-bin graphics/intro/08_5d00cc_bitmap.png build/crashbandicootxs/graphics/intro/08_5d00cc_bitmap.bin
/tmp/pr457-rebuilt/tools/linear_gfx.py:19: DeprecationWarning: Image.Image.getdata is deprecated and will be removed in Pillow 14 (2027-10-15). Use get_flattened_data instead.
  f.write(bytes(img.getdata()))
tools/gbagfx/gbagfx build/crashbandicootxs/graphics/intro/08_5d00cc_bitmap.bin build/crashbandicootxs/graphics/intro/08_5d00cc_bitmap.bin.lz
python3 tools/linear_gfx.py to-bin graphics/intro/09_5d6734_bitmap.png build/crashbandicootxs/graphics/intro/09_5d6734_bitmap.bin
/tmp/pr457-rebuilt/tools/linear_gfx.py:19: DeprecationWarning: Image.Image.getdata is deprecated and will be removed in Pillow 14 (2027-10-15). Use get_flattened_data instead.
  f.write(bytes(img.getdata()))
tools/gbagfx/gbagfx build/crashbandicootxs/graphics/intro/09_5d6734_bitmap.bin build/crashbandicootxs/graphics/intro/09_5d6734_bitmap.bin.lz
python3 tools/linear_gfx.py to-bin graphics/intro/10_5db968_bitmap.png build/crashbandicootxs/graphics/intro/10_5db968_bitmap.bin
/tmp/pr457-rebuilt/tools/linear_gfx.py:19: DeprecationWarning: Image.Image.getdata is deprecated and will be removed in Pillow 14 (2027-10-15). Use get_flattened_data instead.
  f.write(bytes(img.getdata()))
tools/gbagfx/gbagfx build/crashbandicootxs/graphics/intro/10_5db968_bitmap.bin build/crashbandicootxs/graphics/intro/10_5db968_bitmap.bin.lz
python3 tools/linear_gfx.py to-bin graphics/intro/11_5dfcbc_bitmap.png build/crashbandicootxs/graphics/intro/11_5dfcbc_bitmap.bin
/tmp/pr457-rebuilt/tools/linear_gfx.py:19: DeprecationWarning: Image.Image.getdata is deprecated and will be removed in Pillow 14 (2027-10-15). Use get_flattened_data instead.
  f.write(bytes(img.getdata()))
tools/gbagfx/gbagfx build/crashbandicootxs/graphics/intro/11_5dfcbc_bitmap.bin build/crashbandicootxs/graphics/intro/11_5dfcbc_bitmap.bin.lz
python3 tools/linear_gfx.py to-bin graphics/intro/12_5e570c_bitmap.png build/crashbandicootxs/graphics/intro/12_5e570c_bitmap.bin
/tmp/pr457-rebuilt/tools/linear_gfx.py:19: DeprecationWarning: Image.Image.getdata is deprecated and will be removed in Pillow 14 (2027-10-15). Use get_flattened_data instead.
  f.write(bytes(img.getdata()))
tools/gbagfx/gbagfx build/crashbandicootxs/graphics/intro/12_5e570c_bitmap.bin build/crashbandicootxs/graphics/intro/12_5e570c_bitmap.bin.lz
python3 tools/linear_gfx.py to-bin graphics/intro/13_5eae44_bitmap.png build/crashbandicootxs/graphics/intro/13_5eae44_bitmap.bin
/tmp/pr457-rebuilt/tools/linear_gfx.py:19: DeprecationWarning: Image.Image.getdata is deprecated and will be removed in Pillow 14 (2027-10-15). Use get_flattened_data instead.
  f.write(bytes(img.getdata()))
tools/gbagfx/gbagfx build/crashbandicootxs/graphics/intro/13_5eae44_bitmap.bin build/crashbandicootxs/graphics/intro/13_5eae44_bitmap.bin.lz
python3 tools/linear_gfx.py to-bin graphics/intro/14_5f0568_bitmap.png build/crashbandicootxs/graphics/intro/14_5f0568_bitmap.bin
/tmp/pr457-rebuilt/tools/linear_gfx.py:19: DeprecationWarning: Image.Image.getdata is deprecated and will be removed in Pillow 14 (2027-10-15). Use get_flattened_data instead.
  f.write(bytes(img.getdata()))
tools/gbagfx/gbagfx build/crashbandicootxs/graphics/intro/14_5f0568_bitmap.bin build/crashbandicootxs/graphics/intro/14_5f0568_bitmap.bin.lz
python3 tools/linear_gfx.py to-bin graphics/intro/15_5f4ec4_bitmap.png build/crashbandicootxs/graphics/intro/15_5f4ec4_bitmap.bin
/tmp/pr457-rebuilt/tools/linear_gfx.py:19: DeprecationWarning: Image.Image.getdata is deprecated and will be removed in Pillow 14 (2027-10-15). Use get_flattened_data instead.
  f.write(bytes(img.getdata()))
tools/gbagfx/gbagfx build/crashbandicootxs/graphics/intro/15_5f4ec4_bitmap.bin build/crashbandicootxs/graphics/intro/15_5f4ec4_bitmap.bin.lz
python3 tools/linear_gfx.py to-bin graphics/intro/16_5fa3d4_bitmap.png build/crashbandicootxs/graphics/intro/16_5fa3d4_bitmap.bin
/tmp/pr457-rebuilt/tools/linear_gfx.py:19: DeprecationWarning: Image.Image.getdata is deprecated and will be removed in Pillow 14 (2027-10-15). Use get_flattened_data instead.
  f.write(bytes(img.getdata()))
tools/gbagfx/gbagfx build/crashbandicootxs/graphics/intro/16_5fa3d4_bitmap.bin build/crashbandicootxs/graphics/intro/16_5fa3d4_bitmap.bin.lz
python3 tools/linear_gfx.py to-bin graphics/intro/17_5ff97c_bitmap.png build/crashbandicootxs/graphics/intro/17_5ff97c_bitmap.bin
/tmp/pr457-rebuilt/tools/linear_gfx.py:19: DeprecationWarning: Image.Image.getdata is deprecated and will be removed in Pillow 14 (2027-10-15). Use get_flattened_data instead.
  f.write(bytes(img.getdata()))
tools/gbagfx/gbagfx build/crashbandicootxs/graphics/intro/17_5ff97c_bitmap.bin build/crashbandicootxs/graphics/intro/17_5ff97c_bitmap.bin.lz
python3 tools/linear_gfx.py to-bin graphics/intro/18_603bb4_bitmap.png build/crashbandicootxs/graphics/intro/18_603bb4_bitmap.bin
/tmp/pr457-rebuilt/tools/linear_gfx.py:19: DeprecationWarning: Image.Image.getdata is deprecated and will be removed in Pillow 14 (2027-10-15). Use get_flattened_data instead.
  f.write(bytes(img.getdata()))
tools/gbagfx/gbagfx build/crashbandicootxs/graphics/intro/18_603bb4_bitmap.bin build/crashbandicootxs/graphics/intro/18_603bb4_bitmap.bin.lz
python3 tools/linear_gfx.py to-bin graphics/intro/19_608c50_bitmap.png build/crashbandicootxs/graphics/intro/19_608c50_bitmap.bin
/tmp/pr457-rebuilt/tools/linear_gfx.py:19: DeprecationWarning: Image.Image.getdata is deprecated and will be removed in Pillow 14 (2027-10-15). Use get_flattened_data instead.
  f.write(bytes(img.getdata()))
tools/gbagfx/gbagfx build/crashbandicootxs/graphics/intro/19_608c50_bitmap.bin build/crashbandicootxs/graphics/intro/19_608c50_bitmap.bin.lz
python3 tools/linear_gfx.py to-bin graphics/intro/20_60d778_bitmap.png build/crashbandicootxs/graphics/intro/20_60d778_bitmap.bin
/tmp/pr457-rebuilt/tools/linear_gfx.py:19: DeprecationWarning: Image.Image.getdata is deprecated and will be removed in Pillow 14 (2027-10-15). Use get_flattened_data instead.
  f.write(bytes(img.getdata()))
tools/gbagfx/gbagfx build/crashbandicootxs/graphics/intro/20_60d778_bitmap.bin build/crashbandicootxs/graphics/intro/20_60d778_bitmap.bin.lz
python3 tools/linear_gfx.py to-bin graphics/intro/21_611ddc_bitmap.png build/crashbandicootxs/graphics/intro/21_611ddc_bitmap.bin
/tmp/pr457-rebuilt/tools/linear_gfx.py:19: DeprecationWarning: Image.Image.getdata is deprecated and will be removed in Pillow 14 (2027-10-15). Use get_flattened_data instead.
  f.write(bytes(img.getdata()))
tools/gbagfx/gbagfx build/crashbandicootxs/graphics/intro/21_611ddc_bitmap.bin build/crashbandicootxs/graphics/intro/21_611ddc_bitmap.bin.lz
python3 tools/linear_gfx.py to-bin graphics/intro/22_616560_bitmap.png build/crashbandicootxs/graphics/intro/22_616560_bitmap.bin
/tmp/pr457-rebuilt/tools/linear_gfx.py:19: DeprecationWarning: Image.Image.getdata is deprecated and will be removed in Pillow 14 (2027-10-15). Use get_flattened_data instead.
  f.write(bytes(img.getdata()))
tools/gbagfx/gbagfx build/crashbandicootxs/graphics/intro/22_616560_bitmap.bin build/crashbandicootxs/graphics/intro/22_616560_bitmap.bin.lz
python3 tools/linear_gfx.py to-bin graphics/intro/23_61a154_bitmap.png build/crashbandicootxs/graphics/intro/23_61a154_bitmap.bin
/tmp/pr457-rebuilt/tools/linear_gfx.py:19: DeprecationWarning: Image.Image.getdata is deprecated and will be removed in Pillow 14 (2027-10-15). Use get_flattened_data instead.
  f.write(bytes(img.getdata()))
tools/gbagfx/gbagfx build/crashbandicootxs/graphics/intro/23_61a154_bitmap.bin build/crashbandicootxs/graphics/intro/23_61a154_bitmap.bin.lz
tools/gbagfx/gbagfx graphics/intro/37_61e5f8_8bpp_tiles.png build/crashbandicootxs/graphics/intro/37_61e5f8_8bpp_tiles.8bpp
tools/gbagfx/gbagfx build/crashbandicootxs/graphics/intro/37_61e5f8_8bpp_tiles.8bpp build/crashbandicootxs/graphics/intro/37_61e5f8_8bpp_tiles.8bpp.lz
tools/gbagfx/gbagfx graphics/intro/38_62556c_8bpp_tiles.png build/crashbandicootxs/graphics/intro/38_62556c_8bpp_tiles.8bpp
tools/gbagfx/gbagfx build/crashbandicootxs/graphics/intro/38_62556c_8bpp_tiles.8bpp build/crashbandicootxs/graphics/intro/38_62556c_8bpp_tiles.8bpp.lz
tools/gbagfx/gbagfx graphics/intro/41_62b34c_8bpp_tiles.png build/crashbandicootxs/graphics/intro/41_62b34c_8bpp_tiles.8bpp
tools/gbagfx/gbagfx build/crashbandicootxs/graphics/intro/41_62b34c_8bpp_tiles.8bpp build/crashbandicootxs/graphics/intro/41_62b34c_8bpp_tiles.8bpp.lz
tools/gbagfx/gbagfx graphics/intro/47_62e3b0_8bpp_tiles.png build/crashbandicootxs/graphics/intro/47_62e3b0_8bpp_tiles.8bpp
tools/gbagfx/gbagfx build/crashbandicootxs/graphics/intro/47_62e3b0_8bpp_tiles.8bpp build/crashbandicootxs/graphics/intro/47_62e3b0_8bpp_tiles.8bpp.lz
tools/gbagfx/gbagfx graphics/tileset1/01_637a70_8bpp_tiles.png build/crashbandicootxs/graphics/tileset1/01_637a70_8bpp_tiles.8bpp
tools/gbagfx/gbagfx build/crashbandicootxs/graphics/tileset1/01_637a70_8bpp_tiles.8bpp build/crashbandicootxs/graphics/tileset1/01_637a70_8bpp_tiles.8bpp.lz
tools/gbagfx/gbagfx graphics/tileset1/02_6382c8_8bpp_tiles.png build/crashbandicootxs/graphics/tileset1/02_6382c8_8bpp_tiles.8bpp
tools/gbagfx/gbagfx build/crashbandicootxs/graphics/tileset1/02_6382c8_8bpp_tiles.8bpp build/crashbandicootxs/graphics/tileset1/02_6382c8_8bpp_tiles.8bpp.lz
tools/gbagfx/gbagfx graphics/tileset1/03_638d68_8bpp_tiles.png build/crashbandicootxs/graphics/tileset1/03_638d68_8bpp_tiles.8bpp
tools/gbagfx/gbagfx build/crashbandicootxs/graphics/tileset1/03_638d68_8bpp_tiles.8bpp build/crashbandicootxs/graphics/tileset1/03_638d68_8bpp_tiles.8bpp.lz
tools/gbagfx/gbagfx graphics/tileset1/04_63945c_8bpp_tiles.png build/crashbandicootxs/graphics/tileset1/04_63945c_8bpp_tiles.8bpp
tools/gbagfx/gbagfx build/crashbandicootxs/graphics/tileset1/04_63945c_8bpp_tiles.8bpp build/crashbandicootxs/graphics/tileset1/04_63945c_8bpp_tiles.8bpp.lz
tools/gbagfx/gbagfx graphics/tileset1/05_639d18_8bpp_tiles.png build/crashbandicootxs/graphics/tileset1/05_639d18_8bpp_tiles.8bpp
tools/gbagfx/gbagfx build/crashbandicootxs/graphics/tileset1/05_639d18_8bpp_tiles.8bpp build/crashbandicootxs/graphics/tileset1/05_639d18_8bpp_tiles.8bpp.lz
tools/gbagfx/gbagfx graphics/tileset1/06_63a60c_8bpp_tiles.png build/crashbandicootxs/graphics/tileset1/06_63a60c_8bpp_tiles.8bpp
tools/gbagfx/gbagfx build/crashbandicootxs/graphics/tileset1/06_63a60c_8bpp_tiles.8bpp build/crashbandicootxs/graphics/tileset1/06_63a60c_8bpp_tiles.8bpp.lz
tools/gbagfx/gbagfx graphics/tileset1/07_63ad90_8bpp_tiles.png build/crashbandicootxs/graphics/tileset1/07_63ad90_8bpp_tiles.8bpp
tools/gbagfx/gbagfx build/crashbandicootxs/graphics/tileset1/07_63ad90_8bpp_tiles.8bpp build/crashbandicootxs/graphics/tileset1/07_63ad90_8bpp_tiles.8bpp.lz
tools/gbagfx/gbagfx graphics/tileset1/08_63b668_8bpp_tiles.png build/crashbandicootxs/graphics/tileset1/08_63b668_8bpp_tiles.8bpp
tools/gbagfx/gbagfx build/crashbandicootxs/graphics/tileset1/08_63b668_8bpp_tiles.8bpp build/crashbandicootxs/graphics/tileset1/08_63b668_8bpp_tiles.8bpp.lz
tools/gbagfx/gbagfx graphics/tileset1/09_63bdd4_8bpp_tiles.png build/crashbandicootxs/graphics/tileset1/09_63bdd4_8bpp_tiles.8bpp
tools/gbagfx/gbagfx build/crashbandicootxs/graphics/tileset1/09_63bdd4_8bpp_tiles.8bpp build/crashbandicootxs/graphics/tileset1/09_63bdd4_8bpp_tiles.8bpp.lz
tools/gbagfx/gbagfx graphics/tileset1/10_63c5e4_8bpp_tiles.png build/crashbandicootxs/graphics/tileset1/10_63c5e4_8bpp_tiles.8bpp
tools/gbagfx/gbagfx build/crashbandicootxs/graphics/tileset1/10_63c5e4_8bpp_tiles.8bpp build/crashbandicootxs/graphics/tileset1/10_63c5e4_8bpp_tiles.8bpp.lz
tools/gbagfx/gbagfx graphics/intro/00_5a4e70_tiles.png build/crashbandicootxs/graphics/intro/00_5a4e70_tiles.4bpp
tools/gbagfx/gbagfx build/crashbandicootxs/graphics/intro/00_5a4e70_tiles.4bpp build/crashbandicootxs/graphics/intro/00_5a4e70_tiles.4bpp.lz
tools/gbagfx/gbagfx graphics/intro/00_5a551c_tiles.png build/crashbandicootxs/graphics/intro/00_5a551c_tiles.4bpp
tools/gbagfx/gbagfx build/crashbandicootxs/graphics/intro/00_5a551c_tiles.4bpp build/crashbandicootxs/graphics/intro/00_5a551c_tiles.4bpp.lz
tools/gbagfx/gbagfx graphics/intro/30_61c15c_tiles.png build/crashbandicootxs/graphics/intro/30_61c15c_tiles.4bpp
tools/gbagfx/gbagfx build/crashbandicootxs/graphics/intro/30_61c15c_tiles.4bpp build/crashbandicootxs/graphics/intro/30_61c15c_tiles.4bpp.lz
tools/gbagfx/gbagfx graphics/intro/31_61c184_tiles.png build/crashbandicootxs/graphics/intro/31_61c184_tiles.4bpp
tools/gbagfx/gbagfx build/crashbandicootxs/graphics/intro/31_61c184_tiles.4bpp build/crashbandicootxs/graphics/intro/31_61c184_tiles.4bpp.lz
tools/gbagfx/gbagfx graphics/intro/32_61c1ac_tiles.png build/crashbandicootxs/graphics/intro/32_61c1ac_tiles.4bpp
tools/gbagfx/gbagfx build/crashbandicootxs/graphics/intro/32_61c1ac_tiles.4bpp build/crashbandicootxs/graphics/intro/32_61c1ac_tiles.4bpp.lz
tools/gbagfx/gbagfx graphics/intro/33_61c1d4_tiles.png build/crashbandicootxs/graphics/intro/33_61c1d4_tiles.4bpp
tools/gbagfx/gbagfx build/crashbandicootxs/graphics/intro/33_61c1d4_tiles.4bpp build/crashbandicootxs/graphics/intro/33_61c1d4_tiles.4bpp.lz
tools/gbagfx/gbagfx graphics/intro/36_61c30c_tiles.png build/crashbandicootxs/graphics/intro/36_61c30c_tiles.4bpp
tools/gbagfx/gbagfx build/crashbandicootxs/graphics/intro/36_61c30c_tiles.4bpp build/crashbandicootxs/graphics/intro/36_61c30c_tiles.4bpp.lz
tools/gbagfx/gbagfx graphics/intro/39_628c50_tiles.png build/crashbandicootxs/graphics/intro/39_628c50_tiles.4bpp
tools/gbagfx/gbagfx build/crashbandicootxs/graphics/intro/39_628c50_tiles.4bpp build/crashbandicootxs/graphics/intro/39_628c50_tiles.4bpp.lz
tools/gbagfx/gbagfx graphics/intro/40_62a958_tiles.png build/crashbandicootxs/graphics/intro/40_62a958_tiles.4bpp
tools/gbagfx/gbagfx build/crashbandicootxs/graphics/intro/40_62a958_tiles.4bpp build/crashbandicootxs/graphics/intro/40_62a958_tiles.4bpp.lz
tools/gbagfx/gbagfx graphics/intro/42_62c2c8_tiles.png build/crashbandicootxs/graphics/intro/42_62c2c8_tiles.4bpp
tools/gbagfx/gbagfx build/crashbandicootxs/graphics/intro/42_62c2c8_tiles.4bpp build/crashbandicootxs/graphics/intro/42_62c2c8_tiles.4bpp.lz
tools/gbagfx/gbagfx graphics/intro/43_62c4b0_tiles.png build/crashbandicootxs/graphics/intro/43_62c4b0_tiles.4bpp
tools/gbagfx/gbagfx build/crashbandicootxs/graphics/intro/43_62c4b0_tiles.4bpp build/crashbandicootxs/graphics/intro/43_62c4b0_tiles.4bpp.lz
tools/gbagfx/gbagfx graphics/intro/45_62ce70_tiles.png build/crashbandicootxs/graphics/intro/45_62ce70_tiles.4bpp
tools/gbagfx/gbagfx build/crashbandicootxs/graphics/intro/45_62ce70_tiles.4bpp build/crashbandicootxs/graphics/intro/45_62ce70_tiles.4bpp.lz
tools/gbagfx/gbagfx graphics/intro/46_62d0cc_tiles.png build/crashbandicootxs/graphics/intro/46_62d0cc_tiles.4bpp
tools/gbagfx/gbagfx build/crashbandicootxs/graphics/intro/46_62d0cc_tiles.4bpp build/crashbandicootxs/graphics/intro/46_62d0cc_tiles.4bpp.lz
tools/gbagfx/gbagfx graphics/intro/55_6313b0_tiles.png build/crashbandicootxs/graphics/intro/55_6313b0_tiles.4bpp
tools/gbagfx/gbagfx build/crashbandicootxs/graphics/intro/55_6313b0_tiles.4bpp build/crashbandicootxs/graphics/intro/55_6313b0_tiles.4bpp.lz
tools/gbagfx/gbagfx graphics/intro/56_6314f0_tiles.png build/crashbandicootxs/graphics/intro/56_6314f0_tiles.4bpp
tools/gbagfx/gbagfx build/crashbandicootxs/graphics/intro/56_6314f0_tiles.4bpp build/crashbandicootxs/graphics/intro/56_6314f0_tiles.4bpp.lz
tools/gbagfx/gbagfx graphics/intro/57_631558_tiles.png build/crashbandicootxs/graphics/intro/57_631558_tiles.4bpp
tools/gbagfx/gbagfx build/crashbandicootxs/graphics/intro/57_631558_tiles.4bpp build/crashbandicootxs/graphics/intro/57_631558_tiles.4bpp.lz
tools/gbagfx/gbagfx graphics/intro/60_6319a0_tiles.png build/crashbandicootxs/graphics/intro/60_6319a0_tiles.4bpp
tools/gbagfx/gbagfx build/crashbandicootxs/graphics/intro/60_6319a0_tiles.4bpp build/crashbandicootxs/graphics/intro/60_6319a0_tiles.4bpp.lz
tools/gbagfx/gbagfx graphics/intro/61_6319c8_tiles.png build/crashbandicootxs/graphics/intro/61_6319c8_tiles.4bpp
tools/gbagfx/gbagfx build/crashbandicootxs/graphics/intro/61_6319c8_tiles.4bpp build/crashbandicootxs/graphics/intro/61_6319c8_tiles.4bpp.lz
tools/gbagfx/gbagfx graphics/intro/62_6319f0_tiles.png build/crashbandicootxs/graphics/intro/62_6319f0_tiles.4bpp
tools/gbagfx/gbagfx build/crashbandicootxs/graphics/intro/62_6319f0_tiles.4bpp build/crashbandicootxs/graphics/intro/62_6319f0_tiles.4bpp.lz
tools/gbagfx/gbagfx graphics/intro/63_631a18_tiles.png build/crashbandicootxs/graphics/intro/63_631a18_tiles.4bpp
tools/gbagfx/gbagfx build/crashbandicootxs/graphics/intro/63_631a18_tiles.4bpp build/crashbandicootxs/graphics/intro/63_631a18_tiles.4bpp.lz
tools/gbagfx/gbagfx graphics/intro/64_631a40_tiles.png build/crashbandicootxs/graphics/intro/64_631a40_tiles.4bpp
tools/gbagfx/gbagfx build/crashbandicootxs/graphics/intro/64_631a40_tiles.4bpp build/crashbandicootxs/graphics/intro/64_631a40_tiles.4bpp.lz
tools/gbagfx/gbagfx graphics/intro/65_631a68_tiles.png build/crashbandicootxs/graphics/intro/65_631a68_tiles.4bpp
tools/gbagfx/gbagfx build/crashbandicootxs/graphics/intro/65_631a68_tiles.4bpp build/crashbandicootxs/graphics/intro/65_631a68_tiles.4bpp.lz
tools/gbagfx/gbagfx graphics/intro/66_631a90_tiles.png build/crashbandicootxs/graphics/intro/66_631a90_tiles.4bpp
tools/gbagfx/gbagfx build/crashbandicootxs/graphics/intro/66_631a90_tiles.4bpp build/crashbandicootxs/graphics/intro/66_631a90_tiles.4bpp.lz
tools/gbagfx/gbagfx graphics/intro/67_631ab8_tiles.png build/crashbandicootxs/graphics/intro/67_631ab8_tiles.4bpp
tools/gbagfx/gbagfx build/crashbandicootxs/graphics/intro/67_631ab8_tiles.4bpp build/crashbandicootxs/graphics/intro/67_631ab8_tiles.4bpp.lz
tools/gbagfx/gbagfx graphics/intro/68_631acc_tiles.png build/crashbandicootxs/graphics/intro/68_631acc_tiles.4bpp
tools/gbagfx/gbagfx build/crashbandicootxs/graphics/intro/68_631acc_tiles.4bpp build/crashbandicootxs/graphics/intro/68_631acc_tiles.4bpp.lz
tools/gbagfx/gbagfx graphics/intro/69_6324b4_tiles.png build/crashbandicootxs/graphics/intro/69_6324b4_tiles.4bpp
tools/gbagfx/gbagfx build/crashbandicootxs/graphics/intro/69_6324b4_tiles.4bpp build/crashbandicootxs/graphics/intro/69_6324b4_tiles.4bpp.lz
tools/gbagfx/gbagfx graphics/intro/70_632820_tiles.png build/crashbandicootxs/graphics/intro/70_632820_tiles.4bpp
tools/gbagfx/gbagfx build/crashbandicootxs/graphics/intro/70_632820_tiles.4bpp build/crashbandicootxs/graphics/intro/70_632820_tiles.4bpp.lz
tools/gbagfx/gbagfx graphics/intro/71_632bc4_tiles.png build/crashbandicootxs/graphics/intro/71_632bc4_tiles.4bpp
tools/gbagfx/gbagfx build/crashbandicootxs/graphics/intro/71_632bc4_tiles.4bpp build/crashbandicootxs/graphics/intro/71_632bc4_tiles.4bpp.lz
tools/gbagfx/gbagfx graphics/intro/72_6334c4_tiles.png build/crashbandicootxs/graphics/intro/72_6334c4_tiles.4bpp
tools/gbagfx/gbagfx build/crashbandicootxs/graphics/intro/72_6334c4_tiles.4bpp build/crashbandicootxs/graphics/intro/72_6334c4_tiles.4bpp.lz
tools/gbagfx/gbagfx graphics/intro/73_634270_tiles.png build/crashbandicootxs/graphics/intro/73_634270_tiles.4bpp
tools/gbagfx/gbagfx build/crashbandicootxs/graphics/intro/73_634270_tiles.4bpp build/crashbandicootxs/graphics/intro/73_634270_tiles.4bpp.lz
tools/gbagfx/gbagfx graphics/intro/74_636ef4_tiles.png build/crashbandicootxs/graphics/intro/74_636ef4_tiles.4bpp
tools/gbagfx/gbagfx build/crashbandicootxs/graphics/intro/74_636ef4_tiles.4bpp build/crashbandicootxs/graphics/intro/74_636ef4_tiles.4bpp.lz
tools/gbagfx/gbagfx graphics/intro/75_637604_tiles.png build/crashbandicootxs/graphics/intro/75_637604_tiles.4bpp
tools/gbagfx/gbagfx build/crashbandicootxs/graphics/intro/75_637604_tiles.4bpp build/crashbandicootxs/graphics/intro/75_637604_tiles.4bpp.lz
tools/gbagfx/gbagfx graphics/tileset1/00_6377c0_tiles.png build/crashbandicootxs/graphics/tileset1/00_6377c0_tiles.4bpp
tools/gbagfx/gbagfx build/crashbandicootxs/graphics/tileset1/00_6377c0_tiles.4bpp build/crashbandicootxs/graphics/tileset1/00_6377c0_tiles.4bpp.lz
tools/gbagfx/gbagfx graphics/tileset1/21_63d4c0_tiles.png build/crashbandicootxs/graphics/tileset1/21_63d4c0_tiles.4bpp
tools/gbagfx/gbagfx build/crashbandicootxs/graphics/tileset1/21_63d4c0_tiles.4bpp build/crashbandicootxs/graphics/tileset1/21_63d4c0_tiles.4bpp.lz
tools/gbagfx/gbagfx graphics/tileset1/22_640ef8_tiles.png build/crashbandicootxs/graphics/tileset1/22_640ef8_tiles.4bpp
tools/gbagfx/gbagfx build/crashbandicootxs/graphics/tileset1/22_640ef8_tiles.4bpp build/crashbandicootxs/graphics/tileset1/22_640ef8_tiles.4bpp.lz
tools/gbagfx/gbagfx graphics/intro/24_61badc.pal build/crashbandicootxs/graphics/intro/24_61badc.gbapal
tools/gbagfx/gbagfx build/crashbandicootxs/graphics/intro/24_61badc.gbapal build/crashbandicootxs/graphics/intro/24_61badc.gbapal.lz
tools/gbagfx/gbagfx graphics/intro/27_61bf30.pal build/crashbandicootxs/graphics/intro/27_61bf30.gbapal
tools/gbagfx/gbagfx build/crashbandicootxs/graphics/intro/27_61bf30.gbapal build/crashbandicootxs/graphics/intro/27_61bf30.gbapal.lz
tools/gbagfx/gbagfx graphics/intro/28_61bf58.pal build/crashbandicootxs/graphics/intro/28_61bf58.gbapal
tools/gbagfx/gbagfx build/crashbandicootxs/graphics/intro/28_61bf58.gbapal build/crashbandicootxs/graphics/intro/28_61bf58.gbapal.lz
tools/gbagfx/gbagfx graphics/intro/34_61c1fc.pal build/crashbandicootxs/graphics/intro/34_61c1fc.gbapal
tools/gbagfx/gbagfx build/crashbandicootxs/graphics/intro/34_61c1fc.gbapal build/crashbandicootxs/graphics/intro/34_61c1fc.gbapal.lz
tools/gbagfx/gbagfx graphics/intro/59_63183c.pal build/crashbandicootxs/graphics/intro/59_63183c.gbapal
tools/gbagfx/gbagfx build/crashbandicootxs/graphics/intro/59_63183c.gbapal build/crashbandicootxs/graphics/intro/59_63183c.gbapal.lz
tools/gbagfx/gbagfx graphics/tileset1/11_63cf98.pal build/crashbandicootxs/graphics/tileset1/11_63cf98.gbapal
tools/gbagfx/gbagfx build/crashbandicootxs/graphics/tileset1/11_63cf98.gbapal build/crashbandicootxs/graphics/tileset1/11_63cf98.gbapal.lz
cp graphics/intro/25_61bb04.bin build/crashbandicootxs/graphics/intro/25_61bb04.bin
tools/gbagfx/gbagfx build/crashbandicootxs/graphics/intro/25_61bb04.bin build/crashbandicootxs/graphics/intro/25_61bb04.bin.lz
cp graphics/intro/26_61bd48.bin build/crashbandicootxs/graphics/intro/26_61bd48.bin
tools/gbagfx/gbagfx build/crashbandicootxs/graphics/intro/26_61bd48.bin build/crashbandicootxs/graphics/intro/26_61bd48.bin.lz
cp graphics/intro/29_61bf80.bin build/crashbandicootxs/graphics/intro/29_61bf80.bin
tools/gbagfx/gbagfx build/crashbandicootxs/graphics/intro/29_61bf80.bin build/crashbandicootxs/graphics/intro/29_61bf80.bin.lz
cp graphics/intro/35_61c224.bin build/crashbandicootxs/graphics/intro/35_61c224.bin
tools/gbagfx/gbagfx build/crashbandicootxs/graphics/intro/35_61c224.bin build/crashbandicootxs/graphics/intro/35_61c224.bin.lz
cp graphics/intro/44_62cc3c.bin build/crashbandicootxs/graphics/intro/44_62cc3c.bin
tools/gbagfx/gbagfx build/crashbandicootxs/graphics/intro/44_62cc3c.bin build/crashbandicootxs/graphics/intro/44_62cc3c.bin.lz
cp graphics/intro/48_62fb24.bin build/crashbandicootxs/graphics/intro/48_62fb24.bin
tools/gbagfx/gbagfx build/crashbandicootxs/graphics/intro/48_62fb24.bin build/crashbandicootxs/graphics/intro/48_62fb24.bin.lz
cp graphics/intro/49_62fff4.bin build/crashbandicootxs/graphics/intro/49_62fff4.bin
tools/gbagfx/gbagfx build/crashbandicootxs/graphics/intro/49_62fff4.bin build/crashbandicootxs/graphics/intro/49_62fff4.bin.lz
cp graphics/intro/50_63053c.bin build/crashbandicootxs/graphics/intro/50_63053c.bin
tools/gbagfx/gbagfx build/crashbandicootxs/graphics/intro/50_63053c.bin build/crashbandicootxs/graphics/intro/50_63053c.bin.lz
cp graphics/intro/51_6308f0.bin build/crashbandicootxs/graphics/intro/51_6308f0.bin
tools/gbagfx/gbagfx build/crashbandicootxs/graphics/intro/51_6308f0.bin build/crashbandicootxs/graphics/intro/51_6308f0.bin.lz
cp graphics/intro/52_630e1c.bin build/crashbandicootxs/graphics/intro/52_630e1c.bin
tools/gbagfx/gbagfx build/crashbandicootxs/graphics/intro/52_630e1c.bin build/crashbandicootxs/graphics/intro/52_630e1c.bin.lz
cp graphics/intro/53_631158.bin build/crashbandicootxs/graphics/intro/53_631158.bin
tools/gbagfx/gbagfx build/crashbandicootxs/graphics/intro/53_631158.bin build/crashbandicootxs/graphics/intro/53_631158.bin.lz
cp graphics/intro/54_631374.bin build/crashbandicootxs/graphics/intro/54_631374.bin
tools/gbagfx/gbagfx build/crashbandicootxs/graphics/intro/54_631374.bin build/crashbandicootxs/graphics/intro/54_631374.bin.lz
cp graphics/intro/58_6315bc.bin build/crashbandicootxs/graphics/intro/58_6315bc.bin
tools/gbagfx/gbagfx build/crashbandicootxs/graphics/intro/58_6315bc.bin build/crashbandicootxs/graphics/intro/58_6315bc.bin.lz
cp graphics/tileset1/12_63d01c.bin build/crashbandicootxs/graphics/tileset1/12_63d01c.bin
tools/gbagfx/gbagfx build/crashbandicootxs/graphics/tileset1/12_63d01c.bin build/crashbandicootxs/graphics/tileset1/12_63d01c.bin.lz
cp graphics/tileset1/13_63d0a0.bin build/crashbandicootxs/graphics/tileset1/13_63d0a0.bin
tools/gbagfx/gbagfx build/crashbandicootxs/graphics/tileset1/13_63d0a0.bin build/crashbandicootxs/graphics/tileset1/13_63d0a0.bin.lz
cp graphics/tileset1/14_63d124.bin build/crashbandicootxs/graphics/tileset1/14_63d124.bin
tools/gbagfx/gbagfx build/crashbandicootxs/graphics/tileset1/14_63d124.bin build/crashbandicootxs/graphics/tileset1/14_63d124.bin.lz
cp graphics/tileset1/15_63d1a8.bin build/crashbandicootxs/graphics/tileset1/15_63d1a8.bin
tools/gbagfx/gbagfx build/crashbandicootxs/graphics/tileset1/15_63d1a8.bin build/crashbandicootxs/graphics/tileset1/15_63d1a8.bin.lz
cp graphics/tileset1/16_63d22c.bin build/crashbandicootxs/graphics/tileset1/16_63d22c.bin
tools/gbagfx/gbagfx build/crashbandicootxs/graphics/tileset1/16_63d22c.bin build/crashbandicootxs/graphics/tileset1/16_63d22c.bin.lz
cp graphics/tileset1/17_63d2b0.bin build/crashbandicootxs/graphics/tileset1/17_63d2b0.bin
tools/gbagfx/gbagfx build/crashbandicootxs/graphics/tileset1/17_63d2b0.bin build/crashbandicootxs/graphics/tileset1/17_63d2b0.bin.lz
cp graphics/tileset1/18_63d334.bin build/crashbandicootxs/graphics/tileset1/18_63d334.bin
tools/gbagfx/gbagfx build/crashbandicootxs/graphics/tileset1/18_63d334.bin build/crashbandicootxs/graphics/tileset1/18_63d334.bin.lz
cp graphics/tileset1/19_63d3b8.bin build/crashbandicootxs/graphics/tileset1/19_63d3b8.bin
tools/gbagfx/gbagfx build/crashbandicootxs/graphics/tileset1/19_63d3b8.bin build/crashbandicootxs/graphics/tileset1/19_63d3b8.bin.lz
cp graphics/tileset1/20_63d43c.bin build/crashbandicootxs/graphics/tileset1/20_63d43c.bin
tools/gbagfx/gbagfx build/crashbandicootxs/graphics/tileset1/20_63d43c.bin build/crashbandicootxs/graphics/tileset1/20_63d43c.bin.lz
cp graphics/tileset1/23_644a88.bin build/crashbandicootxs/graphics/tileset1/23_644a88.bin
tools/gbagfx/gbagfx build/crashbandicootxs/graphics/tileset1/23_644a88.bin build/crashbandicootxs/graphics/tileset1/23_644a88.bin.lz
cp graphics/tileset1/24_649418.bin build/crashbandicootxs/graphics/tileset1/24_649418.bin
tools/gbagfx/gbagfx build/crashbandicootxs/graphics/tileset1/24_649418.bin build/crashbandicootxs/graphics/tileset1/24_649418.bin.lz
cp graphics/tileset1/25_64bb5c.bin build/crashbandicootxs/graphics/tileset1/25_64bb5c.bin
tools/gbagfx/gbagfx build/crashbandicootxs/graphics/tileset1/25_64bb5c.bin build/crashbandicootxs/graphics/tileset1/25_64bb5c.bin.lz
cp graphics/tileset1/26_64d7e8.bin build/crashbandicootxs/graphics/tileset1/26_64d7e8.bin
tools/gbagfx/gbagfx build/crashbandicootxs/graphics/tileset1/26_64d7e8.bin build/crashbandicootxs/graphics/tileset1/26_64d7e8.bin.lz
cp graphics/tileset1/27_64f830.bin build/crashbandicootxs/graphics/tileset1/27_64f830.bin
tools/gbagfx/gbagfx build/crashbandicootxs/graphics/tileset1/27_64f830.bin build/crashbandicootxs/graphics/tileset1/27_64f830.bin.lz
cp graphics/tileset1/28_651cf8.bin build/crashbandicootxs/graphics/tileset1/28_651cf8.bin
tools/gbagfx/gbagfx build/crashbandicootxs/graphics/tileset1/28_651cf8.bin build/crashbandicootxs/graphics/tileset1/28_651cf8.bin.lz
cp graphics/tileset1/29_655178.bin build/crashbandicootxs/graphics/tileset1/29_655178.bin
tools/gbagfx/gbagfx build/crashbandicootxs/graphics/tileset1/29_655178.bin build/crashbandicootxs/graphics/tileset1/29_655178.bin.lz
cp graphics/tileset1/30_656d60.bin build/crashbandicootxs/graphics/tileset1/30_656d60.bin
tools/gbagfx/gbagfx build/crashbandicootxs/graphics/tileset1/30_656d60.bin build/crashbandicootxs/graphics/tileset1/30_656d60.bin.lz
cp graphics/tileset1/31_65baec.bin build/crashbandicootxs/graphics/tileset1/31_65baec.bin
tools/gbagfx/gbagfx build/crashbandicootxs/graphics/tileset1/31_65baec.bin build/crashbandicootxs/graphics/tileset1/31_65baec.bin.lz
cp graphics/tileset1/32_65e05c.bin build/crashbandicootxs/graphics/tileset1/32_65e05c.bin
tools/gbagfx/gbagfx build/crashbandicootxs/graphics/tileset1/32_65e05c.bin build/crashbandicootxs/graphics/tileset1/32_65e05c.bin.lz
cp graphics/tileset1/33_661f48.bin build/crashbandicootxs/graphics/tileset1/33_661f48.bin
tools/gbagfx/gbagfx build/crashbandicootxs/graphics/tileset1/33_661f48.bin build/crashbandicootxs/graphics/tileset1/33_661f48.bin.lz
cp graphics/tileset1/34_6652b8.bin build/crashbandicootxs/graphics/tileset1/34_6652b8.bin
tools/gbagfx/gbagfx build/crashbandicootxs/graphics/tileset1/34_6652b8.bin build/crashbandicootxs/graphics/tileset1/34_6652b8.bin.lz
cp graphics/tileset1/35_665938.bin build/crashbandicootxs/graphics/tileset1/35_665938.bin
tools/gbagfx/gbagfx build/crashbandicootxs/graphics/tileset1/35_665938.bin build/crashbandicootxs/graphics/tileset1/35_665938.bin.lz
cp graphics/tileset1/36_669c38.bin build/crashbandicootxs/graphics/tileset1/36_669c38.bin
tools/gbagfx/gbagfx build/crashbandicootxs/graphics/tileset1/36_669c38.bin build/crashbandicootxs/graphics/tileset1/36_669c38.bin.lz
cp graphics/tileset1/37_66e6f8.bin build/crashbandicootxs/graphics/tileset1/37_66e6f8.bin
tools/gbagfx/gbagfx build/crashbandicootxs/graphics/tileset1/37_66e6f8.bin build/crashbandicootxs/graphics/tileset1/37_66e6f8.bin.lz
cp graphics/tileset1/38_670460.bin build/crashbandicootxs/graphics/tileset1/38_670460.bin
tools/gbagfx/gbagfx build/crashbandicootxs/graphics/tileset1/38_670460.bin build/crashbandicootxs/graphics/tileset1/38_670460.bin.lz
cp graphics/tileset1/39_67829c.bin build/crashbandicootxs/graphics/tileset1/39_67829c.bin
tools/gbagfx/gbagfx build/crashbandicootxs/graphics/tileset1/39_67829c.bin build/crashbandicootxs/graphics/tileset1/39_67829c.bin.lz
cp graphics/tileset1/40_67b7a4.bin build/crashbandicootxs/graphics/tileset1/40_67b7a4.bin
tools/gbagfx/gbagfx build/crashbandicootxs/graphics/tileset1/40_67b7a4.bin build/crashbandicootxs/graphics/tileset1/40_67b7a4.bin.lz
cp graphics/tileset1/41_67edf4.bin build/crashbandicootxs/graphics/tileset1/41_67edf4.bin
tools/gbagfx/gbagfx build/crashbandicootxs/graphics/tileset1/41_67edf4.bin build/crashbandicootxs/graphics/tileset1/41_67edf4.bin.lz
cp graphics/tileset1/42_6834f8.bin build/crashbandicootxs/graphics/tileset1/42_6834f8.bin
tools/gbagfx/gbagfx build/crashbandicootxs/graphics/tileset1/42_6834f8.bin build/crashbandicootxs/graphics/tileset1/42_6834f8.bin.lz
cp graphics/tileset1/43_68644c.bin build/crashbandicootxs/graphics/tileset1/43_68644c.bin
tools/gbagfx/gbagfx build/crashbandicootxs/graphics/tileset1/43_68644c.bin build/crashbandicootxs/graphics/tileset1/43_68644c.bin.lz
cp graphics/tileset1/44_689f74.bin build/crashbandicootxs/graphics/tileset1/44_689f74.bin
tools/gbagfx/gbagfx build/crashbandicootxs/graphics/tileset1/44_689f74.bin build/crashbandicootxs/graphics/tileset1/44_689f74.bin.lz
cp graphics/tileset1/45_68d314.bin build/crashbandicootxs/graphics/tileset1/45_68d314.bin
tools/gbagfx/gbagfx build/crashbandicootxs/graphics/tileset1/45_68d314.bin build/crashbandicootxs/graphics/tileset1/45_68d314.bin.lz
cp graphics/tileset1/46_693b90.bin build/crashbandicootxs/graphics/tileset1/46_693b90.bin
tools/gbagfx/gbagfx build/crashbandicootxs/graphics/tileset1/46_693b90.bin build/crashbandicootxs/graphics/tileset1/46_693b90.bin.lz
cp graphics/tileset1/47_69d804.bin build/crashbandicootxs/graphics/tileset1/47_69d804.bin
tools/gbagfx/gbagfx build/crashbandicootxs/graphics/tileset1/47_69d804.bin build/crashbandicootxs/graphics/tileset1/47_69d804.bin.lz
cp graphics/tileset1/48_6a834c.bin build/crashbandicootxs/graphics/tileset1/48_6a834c.bin
tools/gbagfx/gbagfx build/crashbandicootxs/graphics/tileset1/48_6a834c.bin build/crashbandicootxs/graphics/tileset1/48_6a834c.bin.lz
cp graphics/tileset1/49_6af12c.bin build/crashbandicootxs/graphics/tileset1/49_6af12c.bin
tools/gbagfx/gbagfx build/crashbandicootxs/graphics/tileset1/49_6af12c.bin build/crashbandicootxs/graphics/tileset1/49_6af12c.bin.lz
cp graphics/tileset1/50_6b5594.bin build/crashbandicootxs/graphics/tileset1/50_6b5594.bin
tools/gbagfx/gbagfx build/crashbandicootxs/graphics/tileset1/50_6b5594.bin build/crashbandicootxs/graphics/tileset1/50_6b5594.bin.lz
cp graphics/tileset1/51_6bacb4.bin build/crashbandicootxs/graphics/tileset1/51_6bacb4.bin
tools/gbagfx/gbagfx build/crashbandicootxs/graphics/tileset1/51_6bacb4.bin build/crashbandicootxs/graphics/tileset1/51_6bacb4.bin.lz
cp graphics/tileset1/52_6d9cac.bin build/crashbandicootxs/graphics/tileset1/52_6d9cac.bin
tools/gbagfx/gbagfx build/crashbandicootxs/graphics/tileset1/52_6d9cac.bin build/crashbandicootxs/graphics/tileset1/52_6d9cac.bin.lz
cp graphics/tileset1/53_6e044c.bin build/crashbandicootxs/graphics/tileset1/53_6e044c.bin
tools/gbagfx/gbagfx build/crashbandicootxs/graphics/tileset1/53_6e044c.bin build/crashbandicootxs/graphics/tileset1/53_6e044c.bin.lz
cp graphics/tileset1/54_6e0dd4.bin build/crashbandicootxs/graphics/tileset1/54_6e0dd4.bin
tools/gbagfx/gbagfx build/crashbandicootxs/graphics/tileset1/54_6e0dd4.bin build/crashbandicootxs/graphics/tileset1/54_6e0dd4.bin.lz
cp graphics/tileset1/55_6e2214.bin build/crashbandicootxs/graphics/tileset1/55_6e2214.bin
tools/gbagfx/gbagfx build/crashbandicootxs/graphics/tileset1/55_6e2214.bin build/crashbandicootxs/graphics/tileset1/55_6e2214.bin.lz
cp graphics/tileset1/56_6e3544.bin build/crashbandicootxs/graphics/tileset1/56_6e3544.bin
tools/gbagfx/gbagfx build/crashbandicootxs/graphics/tileset1/56_6e3544.bin build/crashbandicootxs/graphics/tileset1/56_6e3544.bin.lz
cp graphics/tileset1/57_6e4750.bin build/crashbandicootxs/graphics/tileset1/57_6e4750.bin
tools/gbagfx/gbagfx build/crashbandicootxs/graphics/tileset1/57_6e4750.bin build/crashbandicootxs/graphics/tileset1/57_6e4750.bin.lz
cp graphics/tileset1/58_6e7058.bin build/crashbandicootxs/graphics/tileset1/58_6e7058.bin
tools/gbagfx/gbagfx build/crashbandicootxs/graphics/tileset1/58_6e7058.bin build/crashbandicootxs/graphics/tileset1/58_6e7058.bin.lz
cp graphics/tileset1/59_6ea0cc.bin build/crashbandicootxs/graphics/tileset1/59_6ea0cc.bin
tools/gbagfx/gbagfx build/crashbandicootxs/graphics/tileset1/59_6ea0cc.bin build/crashbandicootxs/graphics/tileset1/59_6ea0cc.bin.lz
cp graphics/tileset1/60_6ec63c.bin build/crashbandicootxs/graphics/tileset1/60_6ec63c.bin
tools/gbagfx/gbagfx build/crashbandicootxs/graphics/tileset1/60_6ec63c.bin build/crashbandicootxs/graphics/tileset1/60_6ec63c.bin.lz
python3 tools/framed_gfx.py to-bin-folder graphics/unknown/00_0b2120/00_crate_variant_a build/crashbandicootxs/graphics/unknown/00_0b2120/00_crate_variant_a.bin
python3 tools/framed_gfx.py to-bin-folder graphics/unknown/00_0b2120/01_crate_variant_b build/crashbandicootxs/graphics/unknown/00_0b2120/01_crate_variant_b.bin
python3 tools/framed_gfx.py to-bin-folder graphics/unknown/00_0b2120/02_crate_variant_c build/crashbandicootxs/graphics/unknown/00_0b2120/02_crate_variant_c.bin
python3 tools/framed_gfx.py to-bin-folder graphics/unknown/00_0b2120/03_record_slot28 build/crashbandicootxs/graphics/unknown/00_0b2120/03_record_slot28.bin
python3 tools/framed_gfx.py to-bin-folder graphics/unknown/00_0b2120/04_crate_variant_d build/crashbandicootxs/graphics/unknown/00_0b2120/04_crate_variant_d.bin
python3 tools/framed_gfx.py to-bin-folder graphics/unknown/00_0b2120/05_crate_variant_e build/crashbandicootxs/graphics/unknown/00_0b2120/05_crate_variant_e.bin
python3 tools/framed_gfx.py to-bin-folder graphics/unknown/00_0b2120/06_nitro_crate build/crashbandicootxs/graphics/unknown/00_0b2120/06_nitro_crate.bin
python3 tools/framed_gfx.py to-bin-folder graphics/unknown/00_0b2120/07_tnt_crate build/crashbandicootxs/graphics/unknown/00_0b2120/07_tnt_crate.bin
python3 tools/framed_gfx.py to-bin-folder graphics/unknown/00_0b2120/08_record_slot25 build/crashbandicootxs/graphics/unknown/00_0b2120/08_record_slot25.bin
python3 tools/framed_gfx.py to-bin-folder graphics/unknown/00_0b2120/09_record_slot13 build/crashbandicootxs/graphics/unknown/00_0b2120/09_record_slot13.bin
python3 tools/framed_gfx.py to-bin-folder graphics/unknown/00_0b2120/10_record_slot27 build/crashbandicootxs/graphics/unknown/00_0b2120/10_record_slot27.bin
python3 tools/framed_gfx.py to-bin-folder graphics/unknown/00_0b2120/11_record_slot24 build/crashbandicootxs/graphics/unknown/00_0b2120/11_record_slot24.bin
python3 tools/framed_gfx.py to-bin-folder graphics/unknown/00_0b2120/12_barrel build/crashbandicootxs/graphics/unknown/00_0b2120/12_barrel.bin
python3 tools/framed_gfx.py to-bin-folder graphics/unknown/00_0b2120/13_record_slot12 build/crashbandicootxs/graphics/unknown/00_0b2120/13_record_slot12.bin
python3 tools/framed_gfx.py to-bin-folder graphics/unknown/00_0b2120/14_record_slot16 build/crashbandicootxs/graphics/unknown/00_0b2120/14_record_slot16.bin
python3 tools/framed_gfx.py to-bin-folder graphics/unknown/00_0b2120/15_small_creature build/crashbandicootxs/graphics/unknown/00_0b2120/15_small_creature.bin
python3 tools/framed_gfx.py to-bin-folder graphics/unknown/00_0b2120/16_guard_barrier build/crashbandicootxs/graphics/unknown/00_0b2120/16_guard_barrier.bin
python3 tools/framed_gfx.py to-bin-folder graphics/unknown/00_0b2120/17_wumpa_fruit build/crashbandicootxs/graphics/unknown/00_0b2120/17_wumpa_fruit.bin
python3 tools/framed_gfx.py to-bin-folder graphics/unknown/00_0b2120/18_emerging_creature build/crashbandicootxs/graphics/unknown/00_0b2120/18_emerging_creature.bin
python3 tools/framed_gfx.py to-bin-folder graphics/unknown/00_0b2120/19_checkpoint_text build/crashbandicootxs/graphics/unknown/00_0b2120/19_checkpoint_text.bin
cat build/crashbandicootxs/graphics/unknown/00_0b2120/00_crate_variant_a.bin build/crashbandicootxs/graphics/unknown/00_0b2120/01_crate_variant_b.bin build/crashbandicootxs/graphics/unknown/00_0b2120/02_crate_variant_c.bin build/crashbandicootxs/graphics/unknown/00_0b2120/03_record_slot28.bin build/crashbandicootxs/graphics/unknown/00_0b2120/04_crate_variant_d.bin build/crashbandicootxs/graphics/unknown/00_0b2120/05_crate_variant_e.bin build/crashbandicootxs/graphics/unknown/00_0b2120/06_nitro_crate.bin build/crashbandicootxs/graphics/unknown/00_0b2120/07_tnt_crate.bin build/crashbandicootxs/graphics/unknown/00_0b2120/08_record_slot25.bin build/crashbandicootxs/graphics/unknown/00_0b2120/09_record_slot13.bin build/crashbandicootxs/graphics/unknown/00_0b2120/10_record_slot27.bin build/crashbandicootxs/graphics/unknown/00_0b2120/11_record_slot24.bin build/crashbandicootxs/graphics/unknown/00_0b2120/12_barrel.bin build/crashbandicootxs/graphics/unknown/00_0b2120/13_record_slot12.bin build/crashbandicootxs/graphics/unknown/00_0b2120/14_record_slot16.bin build/crashbandicootxs/graphics/unknown/00_0b2120/15_small_creature.bin build/crashbandicootxs/graphics/unknown/00_0b2120/16_guard_barrier.bin build/crashbandicootxs/graphics/unknown/00_0b2120/17_wumpa_fruit.bin build/crashbandicootxs/graphics/unknown/00_0b2120/18_emerging_creature.bin build/crashbandicootxs/graphics/unknown/00_0b2120/19_checkpoint_text.bin > build/crashbandicootxs/graphics/unknown/00_0b2120.bin
tools/gbagfx/gbagfx build/crashbandicootxs/graphics/unknown/00_0b2120.bin build/crashbandicootxs/graphics/unknown/00_0b2120.bin.lz
python3 tools/framed_gfx.py to-bin-folder graphics/unknown/01_14174c/00_record_slot02 build/crashbandicootxs/graphics/unknown/01_14174c/00_record_slot02.bin
python3 tools/framed_gfx.py to-bin-folder graphics/unknown/01_14174c/01_winged_creature build/crashbandicootxs/graphics/unknown/01_14174c/01_winged_creature.bin
python3 tools/framed_gfx.py to-bin-folder graphics/unknown/01_14174c/02_record_slot04 build/crashbandicootxs/graphics/unknown/01_14174c/02_record_slot04.bin
python3 tools/framed_gfx.py to-bin-folder graphics/unknown/01_14174c/03_record_slot03 build/crashbandicootxs/graphics/unknown/01_14174c/03_record_slot03.bin
python3 tools/framed_gfx.py to-bin-folder graphics/unknown/01_14174c/04_record_slot38 build/crashbandicootxs/graphics/unknown/01_14174c/04_record_slot38.bin
python3 tools/framed_gfx.py to-bin-folder graphics/unknown/01_14174c/05_balloon_yellow_blue_cross build/crashbandicootxs/graphics/unknown/01_14174c/05_balloon_yellow_blue_cross.bin
python3 tools/framed_gfx.py to-bin-folder graphics/unknown/01_14174c/06_balloon_red_yellow build/crashbandicootxs/graphics/unknown/01_14174c/06_balloon_red_yellow.bin
python3 tools/framed_gfx.py to-bin-folder graphics/unknown/01_14174c/07_balloon_orange_blue build/crashbandicootxs/graphics/unknown/01_14174c/07_balloon_orange_blue.bin
python3 tools/framed_gfx.py to-bin-folder graphics/unknown/01_14174c/08_crate_question_mark build/crashbandicootxs/graphics/unknown/01_14174c/08_crate_question_mark.bin
python3 tools/framed_gfx.py to-bin-folder graphics/unknown/01_14174c/09_crate_1 build/crashbandicootxs/graphics/unknown/01_14174c/09_crate_1.bin
python3 tools/framed_gfx.py to-bin-folder graphics/unknown/01_14174c/10_crate_2 build/crashbandicootxs/graphics/unknown/01_14174c/10_crate_2.bin
python3 tools/framed_gfx.py to-bin-folder graphics/unknown/01_14174c/11_crate_3 build/crashbandicootxs/graphics/unknown/01_14174c/11_crate_3.bin
python3 tools/framed_gfx.py to-bin-folder graphics/unknown/01_14174c/12_record_slot45 build/crashbandicootxs/graphics/unknown/01_14174c/12_record_slot45.bin
python3 tools/framed_gfx.py to-bin-folder graphics/unknown/01_14174c/13_parachute_crate build/crashbandicootxs/graphics/unknown/01_14174c/13_parachute_crate.bin
python3 tools/framed_gfx.py to-bin-folder graphics/unknown/01_14174c/14_record_slot44 build/crashbandicootxs/graphics/unknown/01_14174c/14_record_slot44.bin
python3 tools/framed_gfx.py to-bin-folder graphics/unknown/01_14174c/15_crescent_arch build/crashbandicootxs/graphics/unknown/01_14174c/15_crescent_arch.bin
python3 tools/framed_gfx.py to-bin-folder graphics/unknown/01_14174c/16_record_slot28 build/crashbandicootxs/graphics/unknown/01_14174c/16_record_slot28.bin
python3 tools/framed_gfx.py to-bin-folder graphics/unknown/01_14174c/17_clock build/crashbandicootxs/graphics/unknown/01_14174c/17_clock.bin
python3 tools/framed_gfx.py to-bin-folder graphics/unknown/01_14174c/18_record_slot10 build/crashbandicootxs/graphics/unknown/01_14174c/18_record_slot10.bin
python3 tools/framed_gfx.py to-bin-folder graphics/unknown/01_14174c/19_treasure_chest build/crashbandicootxs/graphics/unknown/01_14174c/19_treasure_chest.bin
python3 tools/framed_gfx.py to-bin-folder graphics/unknown/01_14174c/20_record_slot13 build/crashbandicootxs/graphics/unknown/01_14174c/20_record_slot13.bin
python3 tools/framed_gfx.py to-bin-folder graphics/unknown/01_14174c/21_record_slot14 build/crashbandicootxs/graphics/unknown/01_14174c/21_record_slot14.bin
python3 tools/framed_gfx.py to-bin-folder graphics/unknown/01_14174c/22_checkpoint_text build/crashbandicootxs/graphics/unknown/01_14174c/22_checkpoint_text.bin
cat build/crashbandicootxs/graphics/unknown/01_14174c/00_record_slot02.bin build/crashbandicootxs/graphics/unknown/01_14174c/01_winged_creature.bin build/crashbandicootxs/graphics/unknown/01_14174c/02_record_slot04.bin build/crashbandicootxs/graphics/unknown/01_14174c/03_record_slot03.bin build/crashbandicootxs/graphics/unknown/01_14174c/04_record_slot38.bin build/crashbandicootxs/graphics/unknown/01_14174c/05_balloon_yellow_blue_cross.bin build/crashbandicootxs/graphics/unknown/01_14174c/06_balloon_red_yellow.bin build/crashbandicootxs/graphics/unknown/01_14174c/07_balloon_orange_blue.bin build/crashbandicootxs/graphics/unknown/01_14174c/08_crate_question_mark.bin build/crashbandicootxs/graphics/unknown/01_14174c/09_crate_1.bin build/crashbandicootxs/graphics/unknown/01_14174c/10_crate_2.bin build/crashbandicootxs/graphics/unknown/01_14174c/11_crate_3.bin build/crashbandicootxs/graphics/unknown/01_14174c/12_record_slot45.bin build/crashbandicootxs/graphics/unknown/01_14174c/13_parachute_crate.bin build/crashbandicootxs/graphics/unknown/01_14174c/14_record_slot44.bin build/crashbandicootxs/graphics/unknown/01_14174c/15_crescent_arch.bin build/crashbandicootxs/graphics/unknown/01_14174c/16_record_slot28.bin build/crashbandicootxs/graphics/unknown/01_14174c/17_clock.bin build/crashbandicootxs/graphics/unknown/01_14174c/18_record_slot10.bin build/crashbandicootxs/graphics/unknown/01_14174c/19_treasure_chest.bin build/crashbandicootxs/graphics/unknown/01_14174c/20_record_slot13.bin build/crashbandicootxs/graphics/unknown/01_14174c/21_record_slot14.bin build/crashbandicootxs/graphics/unknown/01_14174c/22_checkpoint_text.bin > build/crashbandicootxs/graphics/unknown/01_14174c.bin
tools/gbagfx/gbagfx build/crashbandicootxs/graphics/unknown/01_14174c.bin build/crashbandicootxs/graphics/unknown/01_14174c.bin.lz
python3 tools/gax_audio.py build/crashbandicootxs/sound/gax_audio_data.bin
wrote build/crashbandicootxs/sound/gax_audio_data.bin: 298920 bytes
python3 tools/sfx_table.py build/crashbandicootxs/sound/sfx_table.bin
arm-none-eabi-as -mcpu=arm7tdmi -mthumb-interwork -I asminclude --defsym NON_MATCHING=0 -o build/crashbandicootxs/data/data.o data/data.s
arm-none-eabi-ld -T ldscript.txt -Map crashbandicootxs.map build/crashbandicootxs/src/audio/audio_context.o build/crashbandicootxs/src/audio/counter_selector.o build/crashbandicootxs/src/audio/counter_selector_icons.o build/crashbandicootxs/src/audio/counter_selector_setup.o build/crashbandicootxs/src/audio/gax_channel_bind_instrument.o build/crashbandicootxs/src/audio/gax_channel_effect_table.o build/crashbandicootxs/src/audio/gax_channel_envelope_tick.o build/crashbandicootxs/src/audio/gax_channel_init.o build/crashbandicootxs/src/audio/gax_channel_mute_volume.o build/crashbandicootxs/src/audio/gax_channel_note_cut.o build/crashbandicootxs/src/audio/gax_channel_note_cut_driver.o build/crashbandicootxs/src/audio/gax_channel_note_scheduler.o build/crashbandicootxs/src/audio/gax_channel_pool_alloc.o build/crashbandicootxs/src/audio/gax_channel_pos_sweep.o build/crashbandicootxs/src/audio/gax_channel_table_alloc.o build/crashbandicootxs/src/audio/gax_dma_control.o build/crashbandicootxs/src/audio/gax_dma_stop.o build/crashbandicootxs/src/audio/gax_fatal_error.o build/crashbandicootxs/src/audio/gax_hw_reset.o build/crashbandicootxs/src/audio/gax_note_lookup.o build/crashbandicootxs/src/audio/gax_note_param.o build/crashbandicootxs/src/audio/gax_note_trigger.o build/crashbandicootxs/src/audio/gax_playback_ticker.o build/crashbandicootxs/src/audio/gax_playstart.o build/crashbandicootxs/src/audio/gax_sound_handler_channel.o build/crashbandicootxs/src/audio/gax_sound_handler_channel_init.o build/crashbandicootxs/src/audio/gax_sound_handler_channel_play.o build/crashbandicootxs/src/audio/gax_sound_handler_info.o build/crashbandicootxs/src/audio/gax_sound_handler_unknownc.o build/crashbandicootxs/src/audio/gax_swi.o build/crashbandicootxs/src/audio/gax_text_render.o build/crashbandicootxs/src/audio/gax_unknownc_play.o build/crashbandicootxs/src/audio/gax_voice_steal.o build/crashbandicootxs/src/audio/gax_zero_fill.o build/crashbandicootxs/src/audio/music_irq.o build/crashbandicootxs/src/audio/music_player.o build/crashbandicootxs/src/audio/sfx_ambient.o build/crashbandicootxs/src/audio/song_slot_lookup.o build/crashbandicootxs/src/audio/sound_object_init.o build/crashbandicootxs/src/graphics/aabb_util.o build/crashbandicootxs/src/graphics/actor_aabb_setup.o build/crashbandicootxs/src/graphics/actor_anim.o build/crashbandicootxs/src/graphics/actor_part100.o build/crashbandicootxs/src/graphics/actor_part101.o build/crashbandicootxs/src/graphics/actor_part102.o build/crashbandicootxs/src/graphics/actor_part103.o build/crashbandicootxs/src/graphics/actor_part104.o build/crashbandicootxs/src/graphics/actor_part105.o build/crashbandicootxs/src/graphics/actor_part106.o build/crashbandicootxs/src/graphics/actor_part107.o build/crashbandicootxs/src/graphics/actor_part108.o build/crashbandicootxs/src/graphics/actor_part109.o build/crashbandicootxs/src/graphics/actor_part10.o build/crashbandicootxs/src/graphics/actor_part110.o build/crashbandicootxs/src/graphics/actor_part111.o build/crashbandicootxs/src/graphics/actor_part112.o build/crashbandicootxs/src/graphics/actor_part113.o build/crashbandicootxs/src/graphics/actor_part114.o build/crashbandicootxs/src/graphics/actor_part115.o build/crashbandicootxs/src/graphics/actor_part116.o build/crashbandicootxs/src/graphics/actor_part117.o build/crashbandicootxs/src/graphics/actor_part118.o build/crashbandicootxs/src/graphics/actor_part119.o build/crashbandicootxs/src/graphics/actor_part11b.o build/crashbandicootxs/src/graphics/actor_part11.o build/crashbandicootxs/src/graphics/actor_part11c.o build/crashbandicootxs/src/graphics/actor_part11d.o build/crashbandicootxs/src/graphics/actor_part11e.o build/crashbandicootxs/src/graphics/actor_part11f.o build/crashbandicootxs/src/graphics/actor_part11g.o build/crashbandicootxs/src/graphics/actor_part11h.o build/crashbandicootxs/src/graphics/actor_part11i.o build/crashbandicootxs/src/graphics/actor_part120.o build/crashbandicootxs/src/graphics/actor_part121.o build/crashbandicootxs/src/graphics/actor_part122.o build/crashbandicootxs/src/graphics/actor_part123.o build/crashbandicootxs/src/graphics/actor_part124.o build/crashbandicootxs/src/graphics/actor_part125.o build/crashbandicootxs/src/graphics/actor_part126.o build/crashbandicootxs/src/graphics/actor_part127.o build/crashbandicootxs/src/graphics/actor_part128.o build/crashbandicootxs/src/graphics/actor_part129.o build/crashbandicootxs/src/graphics/actor_part12b.o build/crashbandicootxs/src/graphics/actor_part12.o build/crashbandicootxs/src/graphics/actor_part_12fbc.o build/crashbandicootxs/src/graphics/actor_part130.o build/crashbandicootxs/src/graphics/actor_part131.o build/crashbandicootxs/src/graphics/actor_part_134b8.o build/crashbandicootxs/src/graphics/actor_part_138e8.o build/crashbandicootxs/src/graphics/actor_part13.o build/crashbandicootxs/src/graphics/actor_part_13c60.o build/crashbandicootxs/src/graphics/actor_part_14674.o build/crashbandicootxs/src/graphics/actor_part14.o build/crashbandicootxs/src/graphics/actor_part15.o build/crashbandicootxs/src/graphics/actor_part_16048.o build/crashbandicootxs/src/graphics/actor_part16.o build/crashbandicootxs/src/graphics/actor_part_17524.o build/crashbandicootxs/src/graphics/actor_part17.o build/crashbandicootxs/src/graphics/actor_part_18008.o build/crashbandicootxs/src/graphics/actor_part_188d0.o build/crashbandicootxs/src/graphics/actor_part18b.o build/crashbandicootxs/src/graphics/actor_part18.o build/crashbandicootxs/src/graphics/actor_part_1967c.o build/crashbandicootxs/src/graphics/actor_part19b.o build/crashbandicootxs/src/graphics/actor_part19.o build/crashbandicootxs/src/graphics/actor_part19c2.o build/crashbandicootxs/src/graphics/actor_part19c.o build/crashbandicootxs/src/graphics/actor_part19d.o build/crashbandicootxs/src/graphics/actor_part19e.o build/crashbandicootxs/src/graphics/actor_part19f.o build/crashbandicootxs/src/graphics/actor_part19g.o build/crashbandicootxs/src/graphics/actor_part19h.o build/crashbandicootxs/src/graphics/actor_part19i.o build/crashbandicootxs/src/graphics/actor_part_1a794.o build/crashbandicootxs/src/graphics/actor_part_1a878.o build/crashbandicootxs/src/graphics/actor_part_1ab34.o build/crashbandicootxs/src/graphics/actor_part_1ab98.o build/crashbandicootxs/src/graphics/actor_part_1b208.o build/crashbandicootxs/src/graphics/actor_part_1b85c.o build/crashbandicootxs/src/graphics/actor_part_1cee0.o build/crashbandicootxs/src/graphics/actor_part_1da38.o build/crashbandicootxs/src/graphics/actor_part_1dfec.o build/crashbandicootxs/src/graphics/actor_part20b.o build/crashbandicootxs/src/graphics/actor_part20.o build/crashbandicootxs/src/graphics/actor_part20d.o build/crashbandicootxs/src/graphics/actor_part21b.o build/crashbandicootxs/src/graphics/actor_part21.o build/crashbandicootxs/src/graphics/actor_part21c.o build/crashbandicootxs/src/graphics/actor_part21d.o build/crashbandicootxs/src/graphics/actor_part21e.o build/crashbandicootxs/src/graphics/actor_part21f.o build/crashbandicootxs/src/graphics/actor_part22.o build/crashbandicootxs/src/graphics/actor_part23b.o build/crashbandicootxs/src/graphics/actor_part23.o build/crashbandicootxs/src/graphics/actor_part23c.o build/crashbandicootxs/src/graphics/actor_part23d.o build/crashbandicootxs/src/graphics/actor_part23e.o build/crashbandicootxs/src/graphics/actor_part23f.o build/crashbandicootxs/src/graphics/actor_part24b.o build/crashbandicootxs/src/graphics/actor_part24.o build/crashbandicootxs/src/graphics/actor_part25.o build/crashbandicootxs/src/graphics/actor_part26b.o build/crashbandicootxs/src/graphics/actor_part26.o build/crashbandicootxs/src/graphics/actor_part26c.o build/crashbandicootxs/src/graphics/actor_part27a.o build/crashbandicootxs/src/graphics/actor_part27b.o build/crashbandicootxs/src/graphics/actor_part27.o build/crashbandicootxs/src/graphics/actor_part27c.o build/crashbandicootxs/src/graphics/actor_part28.o build/crashbandicootxs/src/graphics/actor_part29.o build/crashbandicootxs/src/graphics/actor_part_2ac28.o build/crashbandicootxs/src/graphics/actor_part2.o build/crashbandicootxs/src/graphics/actor_part_2fbf0.o build/crashbandicootxs/src/graphics/actor_part30.o build/crashbandicootxs/src/graphics/actor_part31.o build/crashbandicootxs/src/graphics/actor_part32.o build/crashbandicootxs/src/graphics/actor_part33.o build/crashbandicootxs/src/graphics/actor_part34.o build/crashbandicootxs/src/graphics/actor_part35.o build/crashbandicootxs/src/graphics/actor_part36.o build/crashbandicootxs/src/graphics/actor_part37.o build/crashbandicootxs/src/graphics/actor_part38b.o build/crashbandicootxs/src/graphics/actor_part38.o build/crashbandicootxs/src/graphics/actor_part38c.o build/crashbandicootxs/src/graphics/actor_part38d.o build/crashbandicootxs/src/graphics/actor_part39.o build/crashbandicootxs/src/graphics/actor_part3.o build/crashbandicootxs/src/graphics/actor_part43b.o build/crashbandicootxs/src/graphics/actor_part43.o build/crashbandicootxs/src/graphics/actor_part44b.o build/crashbandicootxs/src/graphics/actor_part44.o build/crashbandicootxs/src/graphics/actor_part45b.o build/crashbandicootxs/src/graphics/actor_part45.o build/crashbandicootxs/src/graphics/actor_part45c.o build/crashbandicootxs/src/graphics/actor_part45d.o build/crashbandicootxs/src/graphics/actor_part46b.o build/crashbandicootxs/src/graphics/actor_part46.o build/crashbandicootxs/src/graphics/actor_part47.o build/crashbandicootxs/src/graphics/actor_part48.o build/crashbandicootxs/src/graphics/actor_part49.o build/crashbandicootxs/src/graphics/actor_part4.o build/crashbandicootxs/src/graphics/actor_part50.o build/crashbandicootxs/src/graphics/actor_part51.o build/crashbandicootxs/src/graphics/actor_part52.o build/crashbandicootxs/src/graphics/actor_part53.o build/crashbandicootxs/src/graphics/actor_part54.o build/crashbandicootxs/src/graphics/actor_part55.o build/crashbandicootxs/src/graphics/actor_part56.o build/crashbandicootxs/src/graphics/actor_part57b.o build/crashbandicootxs/src/graphics/actor_part57.o build/crashbandicootxs/src/graphics/actor_part58.o build/crashbandicootxs/src/graphics/actor_part59.o build/crashbandicootxs/src/graphics/actor_part5.o build/crashbandicootxs/src/graphics/actor_part60.o build/crashbandicootxs/src/graphics/actor_part61.o build/crashbandicootxs/src/graphics/actor_part62.o build/crashbandicootxs/src/graphics/actor_part63.o build/crashbandicootxs/src/graphics/actor_part64.o build/crashbandicootxs/src/graphics/actor_part65.o build/crashbandicootxs/src/graphics/actor_part66.o build/crashbandicootxs/src/graphics/actor_part67.o build/crashbandicootxs/src/graphics/actor_part68.o build/crashbandicootxs/src/graphics/actor_part69.o build/crashbandicootxs/src/graphics/actor_part6.o build/crashbandicootxs/src/graphics/actor_part70.o build/crashbandicootxs/src/graphics/actor_part71.o build/crashbandicootxs/src/graphics/actor_part72.o build/crashbandicootxs/src/graphics/actor_part73.o build/crashbandicootxs/src/graphics/actor_part74.o build/crashbandicootxs/src/graphics/actor_part75.o build/crashbandicootxs/src/graphics/actor_part76.o build/crashbandicootxs/src/graphics/actor_part77.o build/crashbandicootxs/src/graphics/actor_part78.o build/crashbandicootxs/src/graphics/actor_part79.o build/crashbandicootxs/src/graphics/actor_part7b.o build/crashbandicootxs/src/graphics/actor_part7.o build/crashbandicootxs/src/graphics/actor_part80.o build/crashbandicootxs/src/graphics/actor_part81.o build/crashbandicootxs/src/graphics/actor_part82.o build/crashbandicootxs/src/graphics/actor_part83.o build/crashbandicootxs/src/graphics/actor_part84.o build/crashbandicootxs/src/graphics/actor_part85.o build/crashbandicootxs/src/graphics/actor_part86b.o build/crashbandicootxs/src/graphics/actor_part86.o build/crashbandicootxs/src/graphics/actor_part87.o build/crashbandicootxs/src/graphics/actor_part88.o build/crashbandicootxs/src/graphics/actor_part89.o build/crashbandicootxs/src/graphics/actor_part8.o build/crashbandicootxs/src/graphics/actor_part90.o build/crashbandicootxs/src/graphics/actor_part91.o build/crashbandicootxs/src/graphics/actor_part92.o build/crashbandicootxs/src/graphics/actor_part93.o build/crashbandicootxs/src/graphics/actor_part94.o build/crashbandicootxs/src/graphics/actor_part95.o build/crashbandicootxs/src/graphics/actor_part96.o build/crashbandicootxs/src/graphics/actor_part97.o build/crashbandicootxs/src/graphics/actor_part98.o build/crashbandicootxs/src/graphics/actor_part99.o build/crashbandicootxs/src/graphics/actor_part9.o build/crashbandicootxs/src/graphics/actor_part.o build/crashbandicootxs/src/graphics/fade_screen_mode2.o build/crashbandicootxs/src/graphics/fade_screen_mode.o build/crashbandicootxs/src/graphics/fade_util.o build/crashbandicootxs/src/graphics/graphics.o build/crashbandicootxs/src/graphics/graphics_loading_1e990.o build/crashbandicootxs/src/graphics/graphics_loading_1ea5c.o build/crashbandicootxs/src/graphics/graphics_loading_1ef0c.o build/crashbandicootxs/src/graphics/graphics_loading_1fdec.o build/crashbandicootxs/src/graphics/graphics_loading_1feec.o build/crashbandicootxs/src/graphics/graphics_loading_21280.o build/crashbandicootxs/src/graphics/graphics_loading_21668.o build/crashbandicootxs/src/graphics/graphics_loading_21bfc.o build/crashbandicootxs/src/graphics/graphics_loading_21d80.o build/crashbandicootxs/src/graphics/graphics_loading_22354.o build/crashbandicootxs/src/graphics/graphics_loading_35780.o build/crashbandicootxs/src/graphics/graphics_package_1e578.o build/crashbandicootxs/src/graphics/graphics_package_1e640.o build/crashbandicootxs/src/graphics/graphics_package_1e688.o build/crashbandicootxs/src/graphics/graphics_package_1e8f8.o build/crashbandicootxs/src/graphics/graphics_package_1e964.o build/crashbandicootxs/src/graphics/hud_blink.o build/crashbandicootxs/src/graphics/hud_counter.o build/crashbandicootxs/src/graphics/hud_digit_array.o build/crashbandicootxs/src/graphics/hud_icon_slot.o build/crashbandicootxs/src/graphics/hud_icon_widget2.o build/crashbandicootxs/src/graphics/hud_icon_widget3.o build/crashbandicootxs/src/graphics/hud_icon_widget4.o build/crashbandicootxs/src/graphics/hud_icon_widget5.o build/crashbandicootxs/src/graphics/hud_icon_widget_85c4.o build/crashbandicootxs/src/graphics/hud_icon_widget_8890.o build/crashbandicootxs/src/graphics/hud_icon_widget_8994.o build/crashbandicootxs/src/graphics/hud_icon_widget_8a78.o build/crashbandicootxs/src/graphics/hud_icon_widget.o build/crashbandicootxs/src/graphics/hud_stat_widget2.o build/crashbandicootxs/src/graphics/hud_stat_widget3.o build/crashbandicootxs/src/graphics/hud_stat_widget.o build/crashbandicootxs/src/graphics/intro_screen.o build/crashbandicootxs/src/graphics/level_graphics.o build/crashbandicootxs/src/graphics/oam_count.o build/crashbandicootxs/src/graphics/palette_blend.o build/crashbandicootxs/src/graphics/settings_menu10.o build/crashbandicootxs/src/graphics/settings_menu11.o build/crashbandicootxs/src/graphics/settings_menu12.o build/crashbandicootxs/src/graphics/settings_menu13.o build/crashbandicootxs/src/graphics/settings_menu14.o build/crashbandicootxs/src/graphics/settings_menu15.o build/crashbandicootxs/src/graphics/settings_menu16.o build/crashbandicootxs/src/graphics/settings_menu17.o build/crashbandicootxs/src/graphics/settings_menu18.o build/crashbandicootxs/src/graphics/settings_menu19.o build/crashbandicootxs/src/graphics/settings_menu20.o build/crashbandicootxs/src/graphics/settings_menu21.o build/crashbandicootxs/src/graphics/settings_menu22.o build/crashbandicootxs/src/graphics/settings_menu23.o build/crashbandicootxs/src/graphics/settings_menu2.o build/crashbandicootxs/src/graphics/settings_menu3.o build/crashbandicootxs/src/graphics/settings_menu4.o build/crashbandicootxs/src/graphics/settings_menu5.o build/crashbandicootxs/src/graphics/settings_menu6.o build/crashbandicootxs/src/graphics/settings_menu7.o build/crashbandicootxs/src/graphics/settings_menu8a2.o build/crashbandicootxs/src/graphics/settings_menu8a3.o build/crashbandicootxs/src/graphics/settings_menu8b.o build/crashbandicootxs/src/graphics/settings_menu8.o build/crashbandicootxs/src/graphics/settings_menu8c.o build/crashbandicootxs/src/graphics/settings_menu8d.o build/crashbandicootxs/src/graphics/settings_menu8e.o build/crashbandicootxs/src/graphics/settings_menu9.o build/crashbandicootxs/src/graphics/settings_menu.o build/crashbandicootxs/src/graphics/sprite_frame_pool.o build/crashbandicootxs/src/graphics/sprite_frame_queue.o build/crashbandicootxs/src/graphics/text_layout.o build/crashbandicootxs/src/graphics/trigger_effect.o build/crashbandicootxs/src/system/asset_util.o build/crashbandicootxs/src/system/bg_scroll_layer_25fc8.o build/crashbandicootxs/src/system/boot_util.o build/crashbandicootxs/src/system/camera_follow.o build/crashbandicootxs/src/system/eeprom_util.o build/crashbandicootxs/src/system/eeprom_verify.o build/crashbandicootxs/src/system/game_loop10.o build/crashbandicootxs/src/system/game_loop11.o build/crashbandicootxs/src/system/game_loop12.o build/crashbandicootxs/src/system/game_loop13.o build/crashbandicootxs/src/system/game_loop14.o build/crashbandicootxs/src/system/game_loop15.o build/crashbandicootxs/src/system/game_loop16.o build/crashbandicootxs/src/system/game_loop17.o build/crashbandicootxs/src/system/game_loop18.o build/crashbandicootxs/src/system/game_loop19.o build/crashbandicootxs/src/system/game_loop20.o build/crashbandicootxs/src/system/game_loop22.o build/crashbandicootxs/src/system/game_loop23.o build/crashbandicootxs/src/system/game_loop24.o build/crashbandicootxs/src/system/game_loop25.o build/crashbandicootxs/src/system/game_loop26.o build/crashbandicootxs/src/system/game_loop27.o build/crashbandicootxs/src/system/game_loop28.o build/crashbandicootxs/src/system/game_loop29.o build/crashbandicootxs/src/system/game_loop2.o build/crashbandicootxs/src/system/game_loop30.o build/crashbandicootxs/src/system/game_loop31.o build/crashbandicootxs/src/system/game_loop32.o build/crashbandicootxs/src/system/game_loop33.o build/crashbandicootxs/src/system/game_loop34.o build/crashbandicootxs/src/system/game_loop35.o build/crashbandicootxs/src/system/game_loop36.o build/crashbandicootxs/src/system/game_loop37.o build/crashbandicootxs/src/system/game_loop38.o build/crashbandicootxs/src/system/game_loop39.o build/crashbandicootxs/src/system/game_loop3.o build/crashbandicootxs/src/system/game_loop40.o build/crashbandicootxs/src/system/game_loop41.o build/crashbandicootxs/src/system/game_loop42.o build/crashbandicootxs/src/system/game_loop43.o build/crashbandicootxs/src/system/game_loop44.o build/crashbandicootxs/src/system/game_loop45.o build/crashbandicootxs/src/system/game_loop46.o build/crashbandicootxs/src/system/game_loop47.o build/crashbandicootxs/src/system/game_loop48.o build/crashbandicootxs/src/system/game_loop49.o build/crashbandicootxs/src/system/game_loop4.o build/crashbandicootxs/src/system/game_loop50.o build/crashbandicootxs/src/system/game_loop51.o build/crashbandicootxs/src/system/game_loop52.o build/crashbandicootxs/src/system/game_loop53.o build/crashbandicootxs/src/system/game_loop54.o build/crashbandicootxs/src/system/game_loop55.o build/crashbandicootxs/src/system/game_loop56.o build/crashbandicootxs/src/system/game_loop57.o build/crashbandicootxs/src/system/game_loop5.o build/crashbandicootxs/src/system/game_loop6.o build/crashbandicootxs/src/system/game_loop7.o build/crashbandicootxs/src/system/game_loop8.o build/crashbandicootxs/src/system/game_loop9.o build/crashbandicootxs/src/system/game_loop.o build/crashbandicootxs/src/system/input_util.o build/crashbandicootxs/src/system/irq.o build/crashbandicootxs/src/system/level_layers.o build/crashbandicootxs/src/system/link_cable2.o build/crashbandicootxs/src/system/link_cable.o build/crashbandicootxs/src/system/main.o build/crashbandicootxs/src/system/main_loop.o build/crashbandicootxs/src/system/memory.o build/crashbandicootxs/src/system/reg_trampolines.o build/crashbandicootxs/src/system/tile_slot_pool.o build/crashbandicootxs/src/system/timer_util_aa90.o build/crashbandicootxs/src/system/timer_util.o build/crashbandicootxs/src/util/line_util2.o build/crashbandicootxs/src/util/line_util.o build/crashbandicootxs/src/util/math_div64_util.o build/crashbandicootxs/src/util/math_div_util.o build/crashbandicootxs/src/util/math_util.o build/crashbandicootxs/src/util/printf_util.o build/crashbandicootxs/src/util/rand_util.o build/crashbandicootxs/src/util/string_util2.o build/crashbandicootxs/src/util/string_util.o build/crashbandicootxs/src/util/time_util.o build/crashbandicootxs/src/util/word_util.o build/crashbandicootxs/asm/code_3_1_10_4.o build/crashbandicootxs/asm/code_3_1_10.o build/crashbandicootxs/asm/code_3_2_16_a884.o build/crashbandicootxs/asm/code_3_2_16_ac2c.o build/crashbandicootxs/asm/code_3_2_20_28568_c99c_31784_339dc.o build/crashbandicootxs/asm/code_3_2_20_28568_c99c_31784_33cf8.o build/crashbandicootxs/asm/code_3_2_20c.o build/crashbandicootxs/asm/code_3_2.o build/crashbandicootxs/asm/crt0.o build/crashbandicootxs/data/data.o tools/agbcc/lib/libgcc.a tools/agbcc/lib/libc.a -o crashbandicootxs.elf
arm-none-eabi-objcopy -O binary crashbandicootxs.elf crashbandicootxs.gba
sha1sum -c checksum.sha1
crashbandicootxs.gba: OK
rm build/crashbandicootxs/graphics/intro/70_632820_tiles.4bpp build/crashbandicootxs/graphics/tileset1/40_67b7a4.bin build/crashbandicootxs/graphics/intro/42_62c2c8_tiles.4bpp build/crashbandicootxs/graphics/tileset1/60_6ec63c.bin build/crashbandicootxs/graphics/intro/02_5b36e4_bitmap.bin build/crashbandicootxs/graphics/tileset1/10_63c5e4_8bpp_tiles.8bpp build/crashbandicootxs/graphics/intro/58_6315bc.bin build/crashbandicootxs/graphics/intro/00_5a4e70_tiles.4bpp build/crashbandicootxs/graphics/tileset1/48_6a834c.bin build/crashbandicootxs/graphics/intro/32_61c1ac_tiles.4bpp build/crashbandicootxs/graphics/tileset1/37_66e6f8.bin build/crashbandicootxs/graphics/tileset1/47_69d804.bin build/crashbandicootxs/graphics/intro/60_6319a0_tiles.4bpp build/crashbandicootxs/graphics/intro/34_61c1fc.gbapal build/crashbandicootxs/graphics/intro/09_5d6734_bitmap.bin build/crashbandicootxs/graphics/intro/57_631558_tiles.4bpp build/crashbandicootxs/graphics/tileset1/22_640ef8_tiles.4bpp build/crashbandicootxs/graphics/tileset1/51_6bacb4.bin build/crashbandicootxs/graphics/intro/53_631158.bin build/crashbandicootxs/graphics/tileset1/13_63d0a0.bin build/crashbandicootxs/graphics/intro/48_62fb24.bin build/crashbandicootxs/graphics/tileset1/19_63d3b8.bin build/crashbandicootxs/graphics/intro/43_62c4b0_tiles.4bpp build/crashbandicootxs/graphics/tileset1/25_64bb5c.bin build/crashbandicootxs/graphics/intro/67_631ab8_tiles.4bpp build/crashbandicootxs/graphics/intro/50_63053c.bin build/crashbandicootxs/graphics/intro/05_5c1b38_bitmap.bin build/crashbandicootxs/graphics/tileset1/54_6e0dd4.bin build/crashbandicootxs/graphics/intro/28_61bf58.gbapal build/crashbandicootxs/graphics/tileset1/16_63d22c.bin build/crashbandicootxs/graphics/intro/10_5db968_bitmap.bin build/crashbandicootxs/graphics/intro/62_6319f0_tiles.4bpp build/crashbandicootxs/graphics/tileset1/14_63d124.bin build/crashbandicootxs/graphics/tileset1/15_63d1a8.bin build/crashbandicootxs/graphics/tileset1/41_67edf4.bin build/crashbandicootxs/graphics/tileset1/07_63ad90_8bpp_tiles.8bpp build/crashbandicootxs/graphics/intro/06_5c6950_bitmap.bin build/crashbandicootxs/graphics/intro/47_62e3b0_8bpp_tiles.8bpp build/crashbandicootxs/graphics/intro/46_62d0cc_tiles.4bpp build/crashbandicootxs/graphics/intro/56_6314f0_tiles.4bpp build/crashbandicootxs/graphics/tileset1/20_63d43c.bin build/crashbandicootxs/graphics/intro/61_6319c8_tiles.4bpp build/crashbandicootxs/graphics/tileset1/36_669c38.bin build/crashbandicootxs/graphics/tileset1/03_638d68_8bpp_tiles.8bpp build/crashbandicootxs/graphics/intro/07_5cb360_bitmap.bin build/crashbandicootxs/graphics/tileset1/59_6ea0cc.bin build/crashbandicootxs/graphics/intro/15_5f4ec4_bitmap.bin build/crashbandicootxs/graphics/intro/38_62556c_8bpp_tiles.8bpp build/crashbandicootxs/graphics/intro/66_631a90_tiles.4bpp build/crashbandicootxs/graphics/intro/18_603bb4_bitmap.bin build/crashbandicootxs/graphics/tileset1/04_63945c_8bpp_tiles.8bpp build/crashbandicootxs/graphics/tileset1/09_63bdd4_8bpp_tiles.8bpp build/crashbandicootxs/graphics/intro/75_637604_tiles.4bpp build/crashbandicootxs/graphics/intro/29_61bf80.bin build/crashbandicootxs/graphics/intro/51_6308f0.bin build/crashbandicootxs/graphics/tileset1/32_65e05c.bin build/crashbandicootxs/graphics/tileset1/17_63d2b0.bin build/crashbandicootxs/graphics/tileset1/38_670460.bin build/crashbandicootxs/graphics/tileset1/53_6e044c.bin build/crashbandicootxs/graphics/tileset1/00_6377c0_tiles.4bpp build/crashbandicootxs/graphics/intro/64_631a40_tiles.4bpp build/crashbandicootxs/graphics/intro/71_632bc4_tiles.4bpp build/crashbandicootxs/graphics/intro/24_61badc.gbapal build/crashbandicootxs/graphics/intro/16_5fa3d4_bitmap.bin build/crashbandicootxs/graphics/tileset1/18_63d334.bin build/crashbandicootxs/graphics/tileset1/42_6834f8.bin build/crashbandicootxs/graphics/intro/23_61a154_bitmap.bin build/crashbandicootxs/graphics/intro/26_61bd48.bin build/crashbandicootxs/graphics/intro/03_5b84bc_bitmap.bin build/crashbandicootxs/graphics/intro/08_5d00cc_bitmap.bin build/crashbandicootxs/graphics/intro/39_628c50_tiles.4bpp build/crashbandicootxs/graphics/intro/49_62fff4.bin build/crashbandicootxs/graphics/tileset1/12_63d01c.bin build/crashbandicootxs/graphics/tileset1/44_689f74.bin build/crashbandicootxs/graphics/tileset1/49_6af12c.bin build/crashbandicootxs/graphics/intro/27_61bf30.gbapal build/crashbandicootxs/graphics/tileset1/50_6b5594.bin build/crashbandicootxs/graphics/tileset1/24_649418.bin build/crashbandicootxs/graphics/tileset1/06_63a60c_8bpp_tiles.8bpp build/crashbandicootxs/graphics/intro/12_5e570c_bitmap.bin build/crashbandicootxs/graphics/intro/40_62a958_tiles.4bpp build/crashbandicootxs/graphics/intro/45_62ce70_tiles.4bpp build/crashbandicootxs/graphics/intro/30_61c15c_tiles.4bpp build/crashbandicootxs/graphics/intro/63_631a18_tiles.4bpp build/crashbandicootxs/graphics/intro/00_5aa170_bitmap.bin build/crashbandicootxs/graphics/tileset1/02_6382c8_8bpp_tiles.8bpp build/crashbandicootxs/graphics/tileset1/08_63b668_8bpp_tiles.8bpp build/crashbandicootxs/graphics/tileset1/01_637a70_8bpp_tiles.8bpp build/crashbandicootxs/graphics/intro/21_611ddc_bitmap.bin build/crashbandicootxs/graphics/intro/59_63183c.gbapal build/crashbandicootxs/graphics/intro/35_61c224.bin build/crashbandicootxs/graphics/intro/44_62cc3c.bin build/crashbandicootxs/graphics/intro/54_631374.bin build/crashbandicootxs/graphics/tileset1/26_64d7e8.bin build/crashbandicootxs/graphics/tileset1/28_651cf8.bin build/crashbandicootxs/graphics/tileset1/29_655178.bin build/crashbandicootxs/graphics/tileset1/30_656d60.bin build/crashbandicootxs/graphics/tileset1/33_661f48.bin build/crashbandicootxs/graphics/tileset1/35_665938.bin build/crashbandicootxs/graphics/intro/55_6313b0_tiles.4bpp build/crashbandicootxs/graphics/tileset1/34_6652b8.bin build/crashbandicootxs/graphics/intro/72_6334c4_tiles.4bpp build/crashbandicootxs/graphics/intro/25_61bb04.bin build/crashbandicootxs/graphics/tileset1/46_693b90.bin build/crashbandicootxs/graphics/intro/04_5bc8e8_bitmap.bin build/crashbandicootxs/graphics/intro/22_616560_bitmap.bin build/crashbandicootxs/graphics/intro/00_5a551c_tiles.4bpp build/crashbandicootxs/graphics/tileset1/11_63cf98.gbapal build/crashbandicootxs/graphics/tileset1/27_64f830.bin build/crashbandicootxs/graphics/intro/14_5f0568_bitmap.bin build/crashbandicootxs/graphics/intro/33_61c1d4_tiles.4bpp build/crashbandicootxs/graphics/intro/17_5ff97c_bitmap.bin build/crashbandicootxs/graphics/intro/41_62b34c_8bpp_tiles.8bpp build/crashbandicootxs/graphics/tileset1/31_65baec.bin build/crashbandicootxs/graphics/intro/68_631acc_tiles.4bpp build/crashbandicootxs/graphics/intro/20_60d778_bitmap.bin build/crashbandicootxs/graphics/intro/37_61e5f8_8bpp_tiles.8bpp build/crashbandicootxs/graphics/intro/13_5eae44_bitmap.bin build/crashbandicootxs/graphics/intro/65_631a68_tiles.4bpp build/crashbandicootxs/graphics/intro/69_6324b4_tiles.4bpp build/crashbandicootxs/graphics/intro/74_636ef4_tiles.4bpp build/crashbandicootxs/graphics/tileset1/21_63d4c0_tiles.4bpp build/crashbandicootxs/graphics/intro/52_630e1c.bin build/crashbandicootxs/graphics/tileset1/23_644a88.bin build/crashbandicootxs/graphics/intro/36_61c30c_tiles.4bpp build/crashbandicootxs/graphics/tileset1/39_67829c.bin build/crashbandicootxs/graphics/tileset1/45_68d314.bin build/crashbandicootxs/graphics/intro/11_5dfcbc_bitmap.bin build/crashbandicootxs/graphics/tileset1/55_6e2214.bin build/crashbandicootxs/graphics/tileset1/57_6e4750.bin build/crashbandicootxs/graphics/tileset1/56_6e3544.bin build/crashbandicootxs/graphics/intro/01_5addd4_bitmap.bin build/crashbandicootxs/graphics/intro/31_61c184_tiles.4bpp build/crashbandicootxs/graphics/intro/19_608c50_bitmap.bin build/crashbandicootxs/graphics/tileset1/05_639d18_8bpp_tiles.8bpp build/crashbandicootxs/graphics/tileset1/43_68644c.bin build/crashbandicootxs/graphics/tileset1/58_6e7058.bin build/crashbandicootxs/graphics/tileset1/52_6d9cac.bin build/crashbandicootxs/graphics/intro/73_634270_tiles.4bpp
